1402415136137043969 2021-06-09 06:59:58 +0700 <Rajni73926471> ‡§Ü‡§®‡§Ç‡§¶ ‡§ï‡•Ä ‡§ó‡§æ‡§∞‡§Ç‡§ü‡•Ä Aanand Ki Garanti || Kavi Buddhi Prakash Dadhich ‡§ï‡•á ‡§∏‡§æ‡§• H...  https://t.co/YJAVrrEGxF via @YouTube
1402415135667281920 2021-06-09 06:59:58 +0700 <Regulus_PR> @urmabelle16 ‡πÄ‡∏´‡∏°‡∏∑‡∏≠‡∏ô‡∏´‡∏ô‡∏π‡πÄ‡∏•‡∏¢ ‡∏ï‡∏∑‡πà‡∏ô‡πÅ‡∏•‡πâ‡∏ß‡∏ô‡∏≠‡∏ô‡πÑ‡∏°‡πà‡∏´‡∏•‡∏±‡∏ö üòÇ ‡∏´‡∏≤‡πÑ‡∏£‡∏ó‡∏≤‡∏ô‡∏î‡πâ‡∏ß‡∏¢‡∏ô‡∏∞‡∏Ñ‡∏∞
1402415122367139840 2021-06-09 06:59:55 +0700 <an_ann9> ‡∏ä‡∏á‡∏Å‡∏≤‡πÅ‡∏ü‡∏î‡∏µ‡∏Å‡∏ß‡πà‡∏≤
1402415115761119235 2021-06-09 06:59:53 +0700 <K_Nemesis> Morning‚òïüòç‚ù§üìå üòùüòù‡∏£‡πâ‡∏≠‡∏¢‡∏Ñ‡∏≥‡∏£‡∏±‡∏Å ‡∏£‡πâ‡∏≠‡∏¢‡πÄ‡∏´‡∏ï‡∏∏‡∏ú‡∏• ‡∏£‡πâ‡∏≠‡∏¢‡∏Ñ‡∏≥‡∏û‡∏π‡∏î‡∏Ñ‡∏ô  ‡∏Å‡πá‡πÑ‡∏°‡πà‡∏™‡∏π‡πâ‡∏£‡∏±‡∏Å‡πÉ‡∏ô‡∏ï‡∏±‡∏ß‡∏ï‡∏ô‡∏Ç‡∏≠‡∏á‡πÄ‡∏£‡∏≤‡πÄ‡∏ó‡πà‡∏≤‡∏ô‡∏±‡πâ‡∏ô‡πÄ‡∏≠‡∏áü•∞ü•∞üòç  https://t.co/SypwTh6yyK
1402415115744387076 2021-06-09 06:59:53 +0700 <Sbambie> @Nooknicknn4 ‡∏Å‡∏π500‡πÄ‡∏°‡∏ï‡∏£5555555
1402415112015597570 2021-06-09 06:59:52 +0700 <Oppolarofcolors> @vito_lazio @RealClarky1805 Yos
1402415107229945860 2021-06-09 06:59:51 +0700 <chaiporntan> @jumnutlve üôèüôèüôè
1402415102100262914 2021-06-09 06:59:50 +0700 <PPrawthanwa> ‡∏û‡∏±‡∏Å‡∏´‡∏•‡∏±‡∏á‡∏°‡∏≤‡πÄ‡∏ß‡∏•‡∏≤‡∏°‡∏µ‡∏õ‡∏£‡∏∞‡πÄ‡∏î‡πá‡∏ô‡∏õ‡∏±‡∏ç‡∏´‡∏≤‡∏≠‡∏∞‡πÑ‡∏£ ‡πÄ‡∏•‡∏∑‡πà‡∏≠‡∏ô‡∏≠‡πà‡∏≤‡∏ô‡∏Ñ‡∏ô‡∏ó‡∏µ‡πà‡∏ï‡∏≠‡∏ö‡∏à‡∏∞‡πÄ‡∏à‡∏≠‡∏ß‡πà‡∏≤ ‡∏ü‡πâ‡∏≠‡∏á‡πÑ‡∏î‡πâ‡πÑ‡∏´‡∏° ‡∏ü‡πâ‡∏≠‡∏á‡πÄ‡∏•‡∏¢ ‡πÅ‡∏ó‡∏ö‡∏ó‡∏∏‡∏Å‡πÄ‡∏£‡∏∑‡πà‡∏≠‡∏á
1402415090943500288 2021-06-09 06:59:47 +0700 <pacarsiwi_> @princessmuff u too jgn lupa sarapan jamet
1402415087596367876 2021-06-09 06:59:47 +0700 <bayernboysTH> ‡∏ö‡∏≠‡∏™‡∏û‡∏π‡∏î‡∏ñ‡∏∂‡∏á‡∏Ñ‡∏¥‡∏°‡∏°‡∏¥‡∏ä‡∏ß‡πà‡∏≤ ‡πÄ‡∏Ç‡∏≤‡πÄ‡∏õ‡πá‡∏ô‡∏Å‡∏≠‡∏á‡∏Å‡∏•‡∏≤‡∏á‡∏ó‡∏µ‡πà‡∏î‡∏µ‡∏ó‡∏µ‡πà‡∏™‡∏∏‡∏î‡πÉ‡∏ô‡πÇ‡∏•‡∏Å‡∏Ñ‡∏ô‡∏ô‡∏∂‡∏á ‡∏°‡∏±‡∏ô‡∏ô‡πà‡∏≤‡πÄ‡∏™‡∏µ‡∏¢‡∏î‡∏≤‡∏¢‡∏ó‡∏µ‡πà‡πÄ‡∏£‡∏≤‡∏ï‡πâ‡∏≠‡∏á‡πÄ‡∏™‡∏µ‡∏¢‡πÅ‡∏ö‡πä‡∏Ñ‡∏Ç‡∏ß‡∏≤‡∏ó‡∏µ‡πà‡∏î‡∏µ‡∏ó‡∏µ‡πà‡∏™‡∏∏‡∏î‡πÉ‡∏ô‡πÇ‡∏•‡∏Å‡∏≠‡∏µ‡∏Å‡∏Ñ‡∏ô‡πÑ‡∏õ‡∏à‡∏≤‡∏Å‡∏ï‡∏≥‡πÅ‡∏´‡∏ô‡πà‡∏á‡∏ô‡∏µ‡πâ / ‡∏™‡∏≥‡∏´‡∏£‡∏±‡∏ö‡∏¢‡∏π‡πÇ‡∏£‡∏Ñ‡∏£‡∏≤‡∏ß‡∏ô‡∏µ‡πâ‡πÄ‡∏£‡∏≤‡πÄ‡∏™‡∏µ‡∏¢‡∏Å‡∏≠‡∏á‡∏Å‡∏•‡∏≤‡∏á‡∏ó‡∏µ‡πà‡∏î‡∏µ‡∏™‡∏∏‡∏î‡πÉ‡∏ô‡πÇ‡∏•‡∏Å‡∏Ñ‡∏ô‡∏ô‡∏∂‡∏á‡∏Å‡∏•‡∏±‡∏ö‡πÑ‡∏õ‡πÅ‡∏ö‡πä‡∏Ñ‡πÅ‡∏•‡πâ‡∏ß‡∏Ñ‡πà‡∏∞‡∏ö‡∏≠‡∏™ üò≠  https://t.co/UAQfAVbUkE
1402415073050578944 2021-06-09 06:59:43 +0700 <tnnthailand> ‡∏à‡∏µ‡∏ô‡∏≠‡∏ô‡∏∏‡∏°‡∏±‡∏ï‡∏¥‡∏ß‡∏±‡∏Ñ‡∏ã‡∏µ‡∏ô‡πÇ‡∏Ñ‡∏ß‡∏¥‡∏î "‡∏ã‡∏¥‡πÇ‡∏ô‡πÅ‡∏ß‡∏Ñ" ‡πÉ‡∏ä‡πâ‡πÉ‡∏ô‡πÄ‡∏î‡πá‡∏Å‡∏≠‡∏≤‡∏¢‡∏∏ 3 ‡∏Ç‡∏ß‡∏ö ‡∏õ‡∏£‡∏∞‡πÄ‡∏ó‡∏®‡πÅ‡∏£‡∏Å‡πÉ‡∏ô‡πÇ‡∏•‡∏Å!  https://t.co/7R4t6alcGa  #‡πÇ‡∏Ñ‡∏ß‡∏¥‡∏î19 #‡πÇ‡∏Ñ‡∏ß‡∏¥‡∏î‡∏ß‡∏±‡∏ô‡∏ô‡∏µ‡πâ #COVID_19 #‡πÇ‡∏Ñ‡∏ß‡∏¥‡∏î #COVID19 #TNN #TNNThailand #TNN‡∏ä‡πà‡∏≠‡∏á16 #TNNONLINE
1402415067161792516 2021-06-09 06:59:42 +0700 <3UpgRwA4EwK1WjW> @0wLZ0LZ0BCyl1hR ‡∏ú‡∏°‡πÑ‡∏õ‡∏ó‡∏≥‡∏á‡∏≤‡∏ô‡∏Ñ‡∏±‡∏ö
1402415065601503234 2021-06-09 06:59:41 +0700 <mumukizzzz> @miimbimmb 5555555
1402415062019567617 2021-06-09 06:59:41 +0700 <DiAnuch702> @PalitmyProud ‡πÑ‡∏î‡πâ‡∏£‡∏±‡∏ö‡πÄ‡∏°‡∏•‡πå‡πÅ‡∏•‡πâ‡∏ß ‡∏Ç‡πâ‡∏≠‡∏°‡∏π‡∏•‡∏ñ‡∏π‡∏Å‡∏ï‡πâ‡∏≠‡∏á‡∏Ñ‡πà‡∏≤‡∏≤‡∏≤ ‡∏Ç‡∏≠‡∏ö‡∏Ñ‡∏∏‡∏ì‡∏Ñ‡πà‡∏∞‚ù§
1402415058785759236 2021-06-09 06:59:40 +0700 <GuchoPRMaven> Is it normal to perspire after maglagay ng day cream?
1402415025596272646 2021-06-09 06:59:32 +0700 <glangfinger> ‡∏Ñ‡∏≥‡∏û‡∏π‡∏î‡∏Å‡∏±‡∏ö‡∏Ñ‡∏ß‡∏≤‡∏°‡∏ú‡∏¥‡∏î‡∏û‡∏•‡∏≤‡∏î ‡πÉ‡∏ô‡∏ó‡∏∏‡∏Å‡πÜ‡∏ß‡∏±‡∏ô
1402415018738688001 2021-06-09 06:59:30 +0700 <trevormfisher> @ReturnofR Queen and Floyd for different reasons. However Prince Sign 'O' The Times tour was something very special.
1402415017970991106 2021-06-09 06:59:30 +0700 <ChartMonthon> üôèGuten Morgen üëÅMittwoch ‡∏Ñ‡∏ô‡πÑ‡∏ó‡∏¢‡∏•‡∏∑‡∏°‡∏á‡πà‡∏≤‡∏¢ ‡∏ô‡∏Å‡∏´‡∏ß‡∏µ‡∏î ‡πÄ‡∏ó‡∏û ‡∏õ‡∏ä‡∏õ ‡∏Å‡∏õ‡∏õ‡∏™ ‡∏°‡∏±‡∏ô‡πÅ‡∏´‡∏Å‡∏õ‡∏≤‡∏Å ‡πÄ‡∏Å‡∏•‡∏µ‡∏¢‡∏î‡∏ô‡∏±‡∏Å‡∏Å‡∏≤‡∏£‡πÄ‡∏°‡∏∑‡∏≠‡∏á‡πÇ‡∏Å‡∏á ‡∏Ñ‡∏ô‡πÇ‡∏Å‡∏á‡∏à‡∏∞‡∏ï‡πâ‡∏≠‡∏á‡πÑ‡∏°‡πà‡∏°‡∏µ‡∏ó‡∏µ‡πà‡∏¢‡∏∑‡∏ô ‡∏î‡πà‡∏≤‡∏ä‡∏¥‡∏ö‡∏´‡∏≤‡∏¢ ‡∏™‡∏™ ‡πÄ‡∏™‡∏µ‡∏¢‡∏ö‡∏ö‡∏±‡∏ï‡∏£‡πÅ‡∏ó‡∏ô‡∏Å‡∏±‡∏ô ‡∏™‡∏†‡∏≤‡∏ú‡∏±‡∏ß‡πÄ‡∏°‡∏µ‡∏¢‡∏Ø‡∏•‡∏Ø ‡∏™‡∏∑‡πà‡∏≠‡∏°‡∏ß‡∏•‡∏ä‡∏ô‡∏™‡∏Å‡∏õ‡∏£‡∏Å‡∏ô‡∏£‡∏Å‡∏ó‡∏≤‡∏™ ‡∏ß‡πâ‡∏≤‡∏Å‡πÄ‡∏û‡πâ‡∏¢24 ‡∏ä‡∏±‡πà‡∏ß‡πÇ‡∏°‡∏á ‡∏Ç‡πà‡∏≤‡∏ß‡πÄ‡∏•‡πá‡∏Å‡πÜ ‡∏û‡∏•‡πÄ‡∏≠‡∏Å‡∏õ‡∏£‡∏µ‡∏ä‡∏≤ ‡∏ô‡πâ‡∏≠‡∏á‡∏¢‡∏∏‡∏î ‡πÇ‡∏Å‡∏á‡∏Å‡∏¥‡∏ô‡∏™‡∏¥‡πâ‡∏ô‡∏ä‡∏≤‡∏ï‡∏¥ ‡∏õ‡∏õ‡∏ä ‡∏ä‡∏µ‡πâ‡∏ä‡∏±‡∏î ‡∏™‡∏™ ‡∏£‡∏±‡∏ê‡∏ö‡∏≤‡∏• ‡∏≠‡∏∏‡∏ö‡∏≤‡∏ó‡∏ß‡πå‡∏≠‡∏±‡∏õ‡∏£‡∏µ‡∏¢‡πå?  https://t.co/RTsDHLTiV7
1402415015286632448 2021-06-09 06:59:29 +0700 <surab_65> @Punchh001 ‡∏á‡πà‡∏≤‡∏≤‡∏≤
1402414989449728004 2021-06-09 06:59:23 +0700 <9reatWa> ‡∏™‡∏∏‡∏Ç‡∏™‡∏±‡∏ô‡∏ï‡πå‡∏ß‡∏±‡∏ô‡πÄ‡∏Å‡∏¥‡∏î‡∏Ñ‡πà‡∏≤‡πÄ‡∏ò‡∏≠ üòäüíï  #Mind4EVE #MakeMINDWish  https://t.co/4guXyfqNZJ
1402414970453729285 2021-06-09 06:59:19 +0700 <UxNqzPvDS9KGeBl> @caro1223344 ‡∏ä‡∏≠‡∏ö‡πÄ‡∏•‡∏µ‡∏¢‡∏à‡πâ‡∏≤
1402414957778542592 2021-06-09 06:59:16 +0700 <jetleejun> Áµ∂ÂØæ„Å´Â∑•Â†¥„Åß„ÇÑ„Å£„Å°„ÇÉ„ÉÄ„É°„Å™Ê°à‰ª∂üò±
1402414953882030082 2021-06-09 06:59:15 +0700 <whenllbfinished> ‡∏õ‡∏•‡∏î‡∏•‡πä‡∏≠‡∏Ñ‡∏ß‡∏±‡∏Ñ‡∏ã‡∏µ‡∏ô‡πÅ‡∏•‡πâ‡∏ß ‡πÅ‡∏ï‡πà‡∏Å‡πá‡∏Ñ‡∏≠‡∏Ç‡∏ß‡∏î‡∏ó‡∏µ‡πà‡∏≠‡∏á‡∏Ñ‡πå‡∏Å‡∏≤‡∏£‡πÄ‡∏†‡∏™‡∏±‡∏ä ‡πÄ‡∏´‡∏•‡∏∑‡∏≠‡πÅ‡∏Ñ‡πà‡∏£‡∏≤‡∏ä‡∏ß‡∏¥‡∏ó‡∏¢‡∏≤‡∏•‡∏±‡∏¢‡πÉ‡∏´‡πâ‡∏™‡∏±‡πà‡∏á ‡∏ó‡∏≥‡πÑ‡∏°‡∏õ‡∏£‡∏∞‡πÄ‡∏ó‡∏®‡∏ô‡∏µ‡πâ‡∏°‡∏±‡∏ô‡πÄ‡∏´‡∏µ‡πâ‡∏¢‡∏à‡∏±‡∏á ‡∏ï‡πâ‡∏≠‡∏á‡∏Ñ‡∏¥‡∏î‡πÄ‡∏≠‡∏≤‡πÄ‡∏õ‡∏£‡∏µ‡∏¢‡∏ö‡∏ó‡∏∏‡∏Å‡∏ß‡∏¥‡∏ñ‡∏µ‡∏ó‡∏≤‡∏á ‡∏õ‡∏£‡∏∞‡∏ä‡∏≤‡∏ä‡∏ô‡∏Å‡πá‡πÄ‡∏õ‡πá‡∏ô‡πÅ‡∏Ñ‡πà‡πÄ‡∏ö‡∏µ‡πâ‡∏¢
1402414951793184769 2021-06-09 06:59:14 +0700 <ShiroMaru_P> ‡πÄ‡∏õ‡πá‡∏ô‡∏Å‡∏≤‡∏£‡∏ô‡∏≠‡∏ô‡πÄ‡∏£‡πá‡∏ß‡∏ó‡∏µ‡πà‡πÑ‡∏°‡πà‡πÑ‡∏î‡πâ‡∏ô‡∏≠‡∏ô‡πÄ‡∏£‡πá‡∏ß‚Ä¶
1402414935179628545 2021-06-09 06:59:10 +0700 <Aui_TOPsecret> @pookanihide üëçüèªüëçüèªüëçüèª
1402414929739583488 2021-06-09 06:59:09 +0700 <kpnch2> ‡∏Ç‡∏≠‡∏Ç‡∏≠‡∏ö‡∏Ñ‡∏∏‡∏ì ‡∏Ñ‡∏∏‡∏ì‡∏™‡∏ô‡∏±‡πà‡∏ô ‡∏ó‡∏µ‡πà‡∏°‡∏±‡πà‡∏ô‡πÉ‡∏à‡πÄ‡∏•‡∏∑‡∏≠‡∏Å‡πÉ‡∏ä‡πâ ‡∏£‡∏ñ‡πÑ‡∏ñ‡∏à‡πâ‡∏≤‡∏ß‡∏Å‡∏£‡∏∞‡∏ó‡∏¥‡∏á ‡∏Ç‡∏≠‡∏á‡πÄ‡∏Å‡∏©‡∏ï‡∏£‡∏û‡∏±‡∏í‡∏ô‡∏≤‡∏â‡∏∞‡πÄ‡∏ä‡∏¥‡∏á‡πÄ‡∏ó‡∏£‡∏≤ #‡∏à‡πâ‡∏≤‡∏ß‡∏Å‡∏£‡∏∞‡∏ó‡∏¥‡∏á #‡∏û‡∏≤‡∏û‡∏µ‡πà‡∏ã‡∏¥‡πà‡∏á‡∏ß‡∏¥‡πà‡∏á‡πÑ‡∏ñ‡∏ô‡∏≤  https://t.co/4OlrFFDCa9
1402414924958101504 2021-06-09 06:59:08 +0700 <JulalakKingcha2> @lmlosama @PPiya1999 ‡∏ï‡∏±‡∏ß‡πÄ‡∏≠‡∏á‡∏ô‡πà‡∏≤‡∏à‡∏∞‡∏™‡∏±‡∏ö‡∏™‡∏ô‡∏Å‡∏±‡∏ö‡∏†‡∏≤‡∏©‡∏≤‡πÉ‡∏ï‡πâ‡∏´‡∏£‡∏∑‡∏≠‡πÄ‡∏õ‡∏•‡πà‡∏≤ ‡∏ñ‡πâ‡∏≤‡∏†‡∏≤‡∏©‡∏≤‡πÉ‡∏ï‡πâ‡∏™‡∏π‡∏à‡∏∞‡πÅ‡∏õ‡∏•‡∏ß‡πà‡∏≤‡πÄ‡∏ò‡∏≠ ‡πÅ‡∏ï‡πà‡∏ñ‡πâ‡∏≤‡∏≠‡∏µ‡∏™‡∏≤‡∏ô‡∏à‡∏∞‡πÅ‡∏õ‡∏•‡∏ß‡πà‡∏≤‡∏û‡∏ß‡∏Å‡πÄ‡∏ò‡∏≠
1402414919820079106 2021-06-09 06:59:07 +0700 <noahtkspp> @AliceBlack_bl ‡∏£‡∏≠‡∏°‡∏≤‡∏Å‡∏Å‡∏Å‡∏Å ‡πÅ‡∏ö‡∏ö‡πÑ‡∏°‡πà‡∏ã‡∏∑‡πâ‡∏≠‡πÑ‡∏°‡πà‡πÑ‡∏î‡πâ‡πÅ‡∏•‡πâ‡∏ß‡∏≠‡πà‡∏∞
1402414915621515264 2021-06-09 06:59:06 +0700 <luvmeluvmyboobs> ‡∏Ñ‡∏ß‡∏≤‡∏°‡∏™‡∏∏‡∏Ç‚Ä¶ ‡∏™‡∏∏‡∏î‡∏ó‡πâ‡∏≤‡∏¢‡∏≠‡∏¢‡∏π‡πà‡∏ó‡∏µ‡πà‡∏ï‡∏£‡∏á‡πÑ‡∏´‡∏ô   https://t.co/xVbGlNQfNQ  #‡∏°‡∏≠‡∏ô‡∏¥‡πà‡∏á‡∏Ñ‡πâ‡∏≤‡∏ö
1402414910223552518 2021-06-09 06:59:04 +0700 <NewsLineSecrets> Scattered Thunderstorms #today! With a #high of 88F and a #low of 80F. #StatenIsland #Autoweather  https://t.co/kBptbcpTSw
1402414905874026498 2021-06-09 06:59:03 +0700 <EarthzzZro> ‡∏Ç‡πâ‡∏≤‡∏ß‡πÄ‡∏´‡∏ô‡∏µ‡∏¢‡∏ß‡πÑ‡∏Å‡πà‡∏ó‡∏≠‡∏î‡∏≠‡∏∞ ‡∏£‡∏£. ‡∏Å‡∏∏
1402414903558692868 2021-06-09 06:59:03 +0700 <kasorjo> @OZ0mBcA2jvur57D ‡∏¢‡∏±‡∏á‡∏´‡∏≤‡∏Ñ‡∏ô‡∏ö‡∏≤‡∏á‡∏õ‡∏∞‡∏´‡∏±‡∏ô‡∏à‡∏±‡∏î‡πÄ‡∏°‡∏µ‡∏¢‡∏≠‡∏¢‡∏π‡πà‡πÑ‡∏´‡∏°‡∏Ñ‡∏£‡∏±‡∏ö ‡∏ó‡∏±‡∏Å‡∏°‡∏≤‡∏ó‡∏µ
1402414902648532996 2021-06-09 06:59:03 +0700 <hausoftop> 144 days left
1402414897556692994 2021-06-09 06:59:01 +0700 <pplm2536> @pangSirirath ‡∏ß‡πà‡∏≤‡πÑ‡∏õ
1402414895786725376 2021-06-09 06:59:01 +0700 <KPNUCH2> ‡πÉ‡∏Ñ‡∏£‡∏ó‡∏µ‡πà‡πÅ‡∏™‡∏î‡∏á‡πÄ‡∏õ‡πá‡∏ô‡∏ô‡∏≤‡∏á‡πÄ‡∏≠‡∏Å‡∏ã‡∏µ‡∏£‡∏µ‡∏™‡πå‡πÇ‡∏ö‡∏£‡∏≤‡∏ì‡∏Ñ‡∏π‡πà‡∏à‡πâ‡∏≤‡∏ô‡∏Ñ‡∏¥‡∏î‡∏´‡∏ô‡∏±‡∏Å‡∏ô‡∏∞ ‡πÄ‡∏û‡∏£‡∏≤‡∏∞‡∏à‡πâ‡∏≤‡∏ô‡πÅ‡∏ï‡πà‡∏á‡∏õ‡∏≠‡∏¢‡∏ú‡∏°‡∏´‡∏ß‡∏≤‡∏ô‡πÅ‡∏•‡πâ‡∏ß‡∏™‡∏ß‡∏¢‡∏°‡∏≤‡∏Å‡∏à‡∏£‡∏¥‡∏á‡πÜ  https://t.co/hS8OM5VsSV
1402414889222557698 2021-06-09 06:58:59 +0700 <c43los> @kurt13warner What do you think of Aaron Rodgers, will he be in a Packers uniform this year?
1402414886802661378 2021-06-09 06:58:59 +0700 <nawapon10> US Navy zeroes in on LCS flawed parts, maintenance slow-downs to improve operational days  https://t.co/eiW4KcaJzv
1402414865679937543 2021-06-09 06:58:54 +0700 <Ying_Ying79> @YayaPsw @warwanarat @yinyin_anw ‡∏ô‡πâ‡∏≠‡∏ô‡∏ô‡∏ô‡∏ô‚Äã ‡∏ï‡∏∑‡πà‡∏ô‡πÑ‡∏î‡πâ‡πÅ‡∏¢‡πâ‡∏ß‡∏Ñ‡∏£‡πä‡∏≤‡∏ö‡∏ö‡∏ö
1402414853738819588 2021-06-09 06:58:51 +0700 <nuna_vmin> @dtiih3ty6 ‡∏Ñ‡πâ‡∏≤‡∏ö‡∏ö‡∏ö
1402414849066299392 2021-06-09 06:58:50 +0700 <RI_Toshlove> @deyacho Congratulations. üéâüéâ Have fun. ü•≥ü•≥ü•≥
1402414838685392896 2021-06-09 06:58:47 +0700 <ThaiPerCaso> PAZZI:
1402414835778740229 2021-06-09 06:58:47 +0700 <Jamjamisme> ‡∏´‡∏ô‡∏π‡∏î‡∏≤‡∏ß‡∏Ç‡∏≠‡∏á‡πÅ‡∏°‡πà
1402414825980850176 2021-06-09 06:58:44 +0700 <horse_hott> @mikamikatn (‚ô•œâ‚ô•*)  https://t.co/uFf4MEMews
1402414823439147010 2021-06-09 06:58:44 +0700 <Himee0001> @DKftkq4Ova6iwCs ‡∏°‡∏≠‡∏£‡πå‡∏ô‡∏¥‡πà‡∏á‚Äã‡∏Ñ‡∏£‡∏±‡∏ö
1402414823351099394 2021-06-09 06:58:44 +0700 <Kyumnuna> ‡∏•‡∏≤‡∏¢‡∏ó‡∏µ‡πà10‡πÅ‡∏•‡πâ‡∏ß üòç
1402414816015183879 2021-06-09 06:58:42 +0700 <NaturazaSwing> @ChoCCo70211936 ‡∏¢‡∏±‡∏á‡∏ï‡∏¥‡∏î‡∏ï‡∏≤‡∏°‡∏≠‡∏¢‡∏π‡πà‡∏ô‡∏∞‡∏Ñ‡∏£‡∏±‡∏ö ^^
1402414811388911616 2021-06-09 06:58:41 +0700 <nuna_vmin> @PUNJJK ‡∏Å‡∏¥‡∏ô‡πÅ‡∏•‡πâ‡∏ß‡∏Ñ‡πà‡∏∞ ‡πÄ‡∏°‡πá‡∏î‡∏ó‡∏µ‡πà4 ‡∏•‡∏∞ ü•∫
1402414805013602305 2021-06-09 06:58:39 +0700 <dmvelliaris> #2pencilchat
1402414803881103360 2021-06-09 06:58:39 +0700 <destiny_2gt> ‡∏ä‡∏≠‡∏ö‡∏ö‡∏ö‡∏ö‡∏ö
1402414785250004993 2021-06-09 06:58:35 +0700 <Matta68346341> @SupporterYour @Richy39461851 ‡∏°‡∏µ‡∏Ñ‡∏ß‡∏≤‡∏°‡∏™‡∏∏‡∏Ç ‡∏•‡πâ‡∏ô‡∏´‡∏•‡∏≤‡∏°
1402414784230821890 2021-06-09 06:58:34 +0700 <AngeleAnang>  https://t.co/721BgFlAKh
1402414782125207559 2021-06-09 06:58:34 +0700 <LittleD54128909> @Yuuii46447257 ‡∏û‡∏±‡∏Å‡∏ö‡πâ‡∏≤‡∏á‡πÑ‡∏£‡∏ö‡πâ‡∏≤‡∏á
1402414781743566848 2021-06-09 06:58:34 +0700 <AThawatchaiTop> ‡∏ß‡∏±‡∏ô‡∏ô‡∏µ‡πâ‡∏à‡∏∞‡πÑ‡∏î‡πâ‡πÄ‡∏•‡πà‡∏ô dota2 ‡∏°‡∏±‡πâ‡∏¢
1402414781378666497 2021-06-09 06:58:34 +0700 <down_blows> @wrh_gp „Çø„Ç§„ÅØ„Éê„É≥„Ç≥„ÇØ„Åã„Çâ„ÅäÊó©„ÅÜ„Åî„Åñ„ÅÑ„Åæ„Åôüôè ÁâπÂà•„Éï„É¨„É≥„Éâ #SP„Åä„ÅØ„Å∑„Çä „Å´„ÅîÊå®Êã∂„Åó„Å¶„Åè„Çå„Å¶„ÅÇ„Çä„Åå„Å®„ÅÜüôè 2021/06/09„ÄÄÊú¨Êó•„ÇÇÊ•Ω„Åó„Çì„ÅßË°å„Åç„Åæ„Åó„Çá„ÅÜüòÉ #Special„Åä„ÅØ„Å∑„Çä
1402414773153636354 2021-06-09 06:58:32 +0700 <pppwosile> ‡∏ä‡πà‡∏ß‡∏á‡∏ß‡∏¥‡∏ô‡πÄ‡∏ô‡∏≠‡∏£‡πå‡∏Ñ‡∏±‡∏°‡πÅ‡∏ö‡∏Ñ‡∏á‡∏≤‡∏ô‡πÉ‡∏ô‡πÄ‡∏Å‡∏≤‡∏°‡∏±‡∏ô‡πÄ‡∏¢‡∏≠‡∏∞‡∏Å‡∏ß‡πà‡∏≤‡∏á‡∏≤‡∏ô‡∏ó‡∏±‡πâ‡∏á‡∏ï‡∏∂‡∏Å‡∏î‡∏≥‡∏£‡∏ß‡∏°‡∏Å‡∏±‡∏ô‡∏≠‡∏µ‡∏Å‡πÄ‡∏û‡∏£‡∏≤‡∏∞‡∏°‡∏ö‡∏Ç‡∏¢‡∏±‡∏ô‡∏´‡∏≤‡∏á‡∏≤‡∏ô ‡∏ô‡∏≤‡∏á‡∏°‡∏µ‡∏Ñ‡∏≠‡∏ô‡πÄ‡∏ô‡∏Ñ‡∏ä‡∏±‡πà‡∏ô(‡∏ß‡∏≤‡∏¢‡∏à‡∏µ‡πÑ‡∏°‡πà‡πÑ‡∏î‡πâ‡∏´‡∏≤‡πÉ‡∏´‡πâ‡∏ô‡∏∞‡∏Ñ‡∏∞ ‡∏ô‡∏≤‡∏á‡∏´‡∏≤‡∏Å‡∏±‡∏ô‡πÄ‡∏≠‡∏á)
1402414755709550595 2021-06-09 06:58:28 +0700 <sghanchey> How Tina Turner, Pick-Up Basketball, and Sister Cities Can Undo Trump‚Äôs Diplomatic Disasters  https://t.co/AMnkF4sqrx
1402414748239491073 2021-06-09 06:58:26 +0700 <thawon70347861> @caro1223344 @Son552428 ‡πÉ‡∏´‡πâ‡∏ä‡πà‡∏ß‡∏¢‡πÑ‡∏´‡∏° ‡∏ä‡πà‡∏ß‡∏¢‡πÑ‡∏î‡πâ‡∏ô‡∏∞
1402414742694621190 2021-06-09 06:58:24 +0700 <Praewyyy_> ‡∏´‡∏≤‡∏¢‡∏ï‡∏±‡∏ß‡πÅ‡∏•‡πâ‡∏ß‡∏ñ‡∏∂‡∏á‡∏†‡∏Å‡πÄ‡∏•‡∏¢‡πÑ‡∏î‡πâ‡∏õ‡πà‡∏∞
1402414730531131393 2021-06-09 06:58:22 +0700 <AjarnBaa> @Mayhem4Markets  https://t.co/0UkZHLRngg
1402414728454959105 2021-06-09 06:58:21 +0700 <Arb290819> ‡πÄ‡∏û‡∏∑‡πà‡∏≠‡∏ô‡∏Ñ‡∏∏‡∏¢‡∏ó‡∏£‡∏®‡∏Å‡∏±‡∏ö‡πÅ‡∏ü‡∏ô‡πÑ‡∏°‡πà‡πÑ‡∏î‡πâ‡∏ô‡∏≠‡∏ô‡∏≠‡∏µ‡∏Å‡∏•‡∏∞‡∏â‡∏±‡∏ôüò≠
1402414725900640258 2021-06-09 06:58:20 +0700 <panaprang> ‡∏≠‡∏¢‡∏≤‡∏Å‡∏°‡∏µ‡∏Ñ‡∏≠‡∏ô‡πÇ‡∏î ‡∏ó‡∏µ‡πà‡∏™‡∏≤‡∏°‡∏≤‡∏£‡∏ñ‡∏à‡∏±‡∏î‡∏´‡∏£‡∏∑‡∏≠‡∏ß‡∏≤‡∏á‡∏≠‡∏∞‡πÑ‡∏£‡∏†‡∏≤‡∏¢‡πÉ‡∏ô‡∏´‡πâ‡∏≠‡∏á‡πÑ‡∏î‡πâ ‡∏´‡∏£‡∏∑‡∏≠‡πÄ‡∏ß‡∏•‡∏≤‡πÄ‡∏õ‡πá‡∏ô‡∏≠‡∏∞‡πÑ‡∏£‡∏Å‡πá‡∏´‡∏ô‡∏µ‡πÄ‡∏Ç‡πâ‡∏≤‡∏Ñ‡∏≠‡∏ô‡πÇ‡∏î ‡∏õ‡∏¥‡∏î‡∏´‡πâ‡∏≠‡∏á ‡∏ó‡∏≥‡∏ï‡∏±‡∏ß‡πÄ‡∏á‡∏µ‡∏¢‡∏ö‡πÜ‡πÑ‡∏î‡πâ‡πÄ‡∏•‡∏¢ 5555555
1402414725728673796 2021-06-09 06:58:20 +0700 <unFREDictable_> üì∑ü§≥ü§£üòÇü§£
1402414724327698435 2021-06-09 06:58:20 +0700 <Fonfond_st> ‡∏≠‡∏´‡∏´‡∏´‡∏´‡∏´‚Äã ‡πÄ‡∏°‡∏∑‡πà‡∏≠‡∏Ñ‡∏∑‡∏ô‡∏Å‡∏∏‡∏´‡∏•‡∏±‡∏ö‡∏ï‡∏≠‡∏ô‡πÑ‡∏´‡∏ô‡∏ô
1402414717738491911 2021-06-09 06:58:18 +0700 <Bunny_sushe> @ANKHYNL üíóüíóüíóüíóüíó
1402414716262129664 2021-06-09 06:58:18 +0700 <phailin_tay> ‡πÑ‡∏õ‡∏ô‡∏±‡πà‡∏á‡∏î‡∏π‡∏£‡∏π‡∏õ‡∏£‡πâ‡∏≤‡∏ô‡∏™‡∏±‡∏Å‡πÅ‡∏•‡πâ‡∏ß‡∏≠‡∏¢‡∏≤‡∏Å‡∏™‡∏±‡∏Å‡∏ö‡πâ‡∏≤‡∏á üò¢ ‡∏Ñ‡∏¥‡∏î‡∏•‡∏≤‡∏¢‡πÄ‡∏ú‡∏∑‡πà‡∏≠‡πÑ‡∏ß‡πâ‡∏î‡∏µ‡∏Å‡∏ß‡πà‡∏≤‡πÄ‡∏ú‡∏∑‡πà‡∏≠‡∏Ñ‡∏ô‡∏ó‡∏µ‡πà‡∏ö‡πâ‡∏≤‡∏ô‡∏≠‡∏ô‡∏∏‡∏ç‡∏≤‡∏ï‡∏¥ üçÉ‚≠êÔ∏èüåô
1402414714898976771 2021-06-09 06:58:18 +0700 <down_blows> @miotasu_oyui „Çø„Ç§„ÅØ„Éê„É≥„Ç≥„ÇØ„Åã„Çâ„ÅäÊó©„ÅÜ„Åî„Åñ„ÅÑ„Åæ„Åôüôè ÁèæÂú®„ÅÆ„Éê„É≥„Ç≥„ÇØ„ÄÅÊõá„Çä„ÄÅÊ∞óÊ∏©ÔºíÔºò‚ÑÉ‚òÅÔ∏è „Åò„ÇÅ„Åò„ÇÅÊ∞óÂÄô„Å´„Å™„Å£„Å¶„ÅÑ„Åæ„Åôüå¥ „Éê„É≥„Ç≥„ÇØÈ¶ñÈÉΩÂúèAQIÊåáÊï∞ÔºìÔºò„ÄÅËâØ„ÅÑüà¥ „Ç¶„Ç£„É´„Çπ„ÄÅPM2.5ÂØæÁ≠ñ„Çí‰∏áÂÖ®„Åßüëå ÁâπÂà•„Éï„É¨„É≥„Éâ #SP„Åä„ÅØ„Å∑„Çä „Å´„ÅîÊå®Êã∂„Åó„Å¶„Åè„Çå„Å¶„ÅÇ„Çä„Åå„Å®„ÅÜüôè 2021/06/09„ÄÄÊú¨Êó•„ÇÇÊ•Ω„Åó„Çì„ÅßË°å„Åç„Åæ„Åó„Çá„ÅÜüòÉ #Special„Åä„ÅØ„Å∑„Çä
1402414689850560514 2021-06-09 06:58:12 +0700 <down_blows> @wrh_gp „Çø„Ç§„ÅØ„Éê„É≥„Ç≥„ÇØ„Åã„Çâ„ÅäÊó©„ÅÜ„Åî„Åñ„ÅÑ„Åæ„Åôüôè ÁèæÂú®„ÅÆ„Éê„É≥„Ç≥„ÇØ„ÄÅÊõá„Çä„ÄÅÊ∞óÊ∏©ÔºíÔºò‚ÑÉ‚òÅÔ∏è „Åò„ÇÅ„Åò„ÇÅÊ∞óÂÄô„Å´„Å™„Å£„Å¶„ÅÑ„Åæ„Åôüå¥ „Éê„É≥„Ç≥„ÇØÈ¶ñÈÉΩÂúèAQIÊåáÊï∞ÔºìÔºò„ÄÅËâØ„ÅÑüà¥ „Ç¶„Ç£„É´„Çπ„ÄÅPM2.5ÂØæÁ≠ñ„Çí‰∏áÂÖ®„Åßüëå ÁâπÂà•„Éï„É¨„É≥„Éâ #SP„Åä„ÅØ„Å∑„Çä „Å´„ÅîÊå®Êã∂„Åó„Å¶„Åè„Çå„Å¶„ÅÇ„Çä„Åå„Å®„ÅÜüôè 2021/06/09„ÄÄÊú¨Êó•„ÇÇÊ•Ω„Åó„Çì„ÅßË°å„Åç„Åæ„Åó„Çá„ÅÜüòÉ #Special„Åä„ÅØ„Å∑„Çä
1402414676755968001 2021-06-09 06:58:09 +0700 <sunnusqral> @thanyalakun üò©üò©üò©üò©
1402414673182429188 2021-06-09 06:58:08 +0700 <NamNam_0104> ‡πÄ‡∏°‡∏∑‡πà‡∏≠‡∏ß‡∏≤‡∏ô ‡∏Ñ‡∏∑‡∏≠ ‡∏≠‡∏¢‡∏≤‡∏Å‡∏Å‡∏•‡∏±‡∏ö‡∏ö‡πâ‡∏≤‡∏ô‡∏ï‡πà‡∏≤‡∏á‡∏à‡∏±‡∏á‡∏´‡∏ß‡∏±‡∏î‡πÉ‡∏à‡∏à‡∏∞‡∏Ç‡∏≤‡∏î ‡πÄ‡∏õ‡πá‡∏ô‡∏´‡πà‡∏ß‡∏á‡∏û‡πà‡∏≠‡∏Å‡∏±‡∏ö‡πÅ‡∏°‡πà‡∏°‡∏≤‡∏Å ‡πÄ‡∏û‡∏£‡∏≤‡∏∞‡∏°‡∏µ‡∏â‡∏µ‡∏î‡∏ß‡∏±‡∏Ñ‡∏ã‡∏µ‡∏ô‡πÄ‡∏Ç‡πá‡∏°‡πÅ‡∏£‡∏Å: AZ ‡∏ß‡∏±‡∏ô‡∏ô‡∏µ‡πâ‡πÇ‡∏ó‡∏£‡∏ï‡∏¥‡∏î‡∏ï‡∏≤‡∏°‡∏≠‡∏≤‡∏Å‡∏≤‡∏£ ‡∏û‡πà‡∏≠‡∏õ‡∏Å‡∏ï‡∏¥‡πÑ‡∏°‡πà‡∏°‡∏µ‡πÑ‡∏Ç‡πâ ‡∏õ‡∏ß‡∏î‡πÅ‡∏Ç‡∏ô‡∏ô‡∏¥‡∏î‡∏´‡∏ô‡πà‡∏≠‡∏¢ ‡∏™‡πà‡∏ß‡∏ô‡πÅ‡∏°‡πà ‡πÑ‡∏Ç‡πâ‡∏Ç‡∏∂‡πâ‡∏ô‡∏™‡∏π‡∏á ‡πÄ‡∏à‡πá‡∏ö‡∏õ‡∏ß‡∏î‡πÑ‡∏õ‡∏ó‡∏±‡πâ‡∏á‡∏ï‡∏±‡∏ß ‡πÅ‡∏õ‡∏õ‡πÜ‡∏´‡∏ô‡πâ‡∏≤‡∏≠‡∏Å‡∏õ‡∏ß‡∏î‡∏´‡∏±‡∏ß‡∏°‡∏≤‡∏Å ‡πÇ‡∏•‡∏Å‡∏´‡∏°‡∏∏‡∏ô (18.00‡∏ô.-24.30‡∏ô.) ‡∏ß‡∏±‡∏ô‡∏ô‡∏µ‡πâ6‡πÇ‡∏°‡∏á‡πÄ‡∏ä‡πâ‡∏≤ ‡∏¢‡∏±‡∏á‡∏°‡∏µ‡πÑ‡∏Ç‡πâ ‡πÅ‡∏•‡∏∞‡∏õ‡∏ß‡∏î‡∏´‡∏±‡∏ß ‡∏õ‡∏ß‡∏î‡∏ï‡∏±‡∏ß//‡πÄ‡∏õ‡πá‡∏ô‡∏´‡πà‡∏ß‡∏á‡∏°‡∏≤‡∏Å
1402414655423844352 2021-06-09 06:58:04 +0700 <chaicha59> I'm at ‡∏ï‡∏•‡∏≤‡∏î‡∏£‡∏≤‡∏°‡∏≠‡∏¥‡∏ô‡∏ó‡∏£‡∏≤ ‡∏Å‡∏°.9 in ‡∏Ñ‡∏±‡∏ô‡∏ô‡∏≤‡∏¢‡∏≤‡∏ß, ‡∏Å‡∏£‡∏∏‡∏á‡πÄ‡∏ó‡∏û‡∏°‡∏´‡∏≤‡∏ô‡∏Ñ‡∏£  https://t.co/qSLIC6vX5z
1402414652546457604 2021-06-09 06:58:03 +0700 <chorporbor> ‡∏≠‡∏¢‡∏≤‡∏Å‡∏î‡∏π‡∏î‡∏¥‡∏™‡∏ô‡∏µ‡∏¢‡πå‡∏û‡∏•‡∏±‡∏™‡∏™‡∏™‡∏™‡∏™
1402414629951737856 2021-06-09 06:57:58 +0700 <NAKOTAKU> Ê¥óÊøØ„ÄÇ
1402414593926787077 2021-06-09 06:57:49 +0700 <pok214sx09> ‡∏ó‡∏ô #Sprite  https://t.co/hUvXx01XIf
1402414591058059265 2021-06-09 06:57:48 +0700 <Narumon_1411> @gulfkanawut ‡∏Ñ‡∏¥‡∏î‡∏ñ‡∏∂‡∏á‡∏ô‡∏∞‡∏Ñ‡∏£‡∏±‡∏ö ‡∏û‡∏±‡∏Å‡∏ú‡πà‡∏≠‡∏ô‡πÄ‡∏¢‡∏≠‡∏∞‡πÜ‡∏ô‡∏∞‡∏Ñ‡∏£‡∏±‡∏ö
1402414588570660865 2021-06-09 06:57:48 +0700 <nkjoguk> ‡∏≠‡∏¢‡πà‡∏≤‡∏•‡∏∑‡∏°‡∏°‡∏≤‡∏£‡∏î‡∏ô‡πâ‡∏≥‡πÉ‡∏´‡πâ‡∏Å‡∏±‡∏ô‡∏ô‡∏∞ ‡∏£‡∏î‡∏°‡∏≤‡∏£‡∏î‡∏Å‡∏•‡∏±‡∏ö #ShopeeFarmTH  https://t.co/EjqSLvgHIp  https://t.co/82t9ha2Jqr
1402414578114256906 2021-06-09 06:57:45 +0700 <AeAey0930> ‡∏≠‡∏¢‡πà‡∏≤‡∏•‡∏∑‡∏°‡∏°‡∏≤‡∏£‡∏î‡∏ô‡πâ‡∏≥‡πÉ‡∏´‡πâ‡∏Å‡∏±‡∏ô‡∏ô‡∏∞ ‡∏£‡∏î‡∏°‡∏≤‡∏£‡∏î‡∏Å‡∏•‡∏±‡∏ö #ShopeeFarmTH  https://t.co/wklb8I6Zq8  https://t.co/dYXuz11yR5
1402414573819367428 2021-06-09 06:57:44 +0700 <MrVop> 9-6-64  06:30 ‡∏ï‡∏≤‡∏£‡∏≤‡∏á‡πÅ‡∏™‡∏î‡∏á‡∏à‡∏≥‡∏ô‡∏ß‡∏ô 25 ‡∏≠‡∏±‡∏ô‡∏î‡∏±‡∏ö‡πÅ‡∏£‡∏Å‡∏Ç‡∏≠‡∏á‡∏õ‡∏£‡∏∞‡πÄ‡∏ó‡∏®‡∏ó‡∏µ‡πà‡∏°‡∏µ‡∏ú‡∏π‡πâ‡∏ï‡∏¥‡∏î‡πÄ‡∏ä‡∏∑‡πâ‡∏≠‡πÑ‡∏ß‡∏£‡∏±‚Äã‡∏™‡πÇ‡∏Ñ‚Äã‡πÇ‡∏£‚Äã‡∏ô‡∏≤‚Äã‡∏£‡∏≤‡∏¢‡πÉ‡∏´‡∏°‡πà‡∏ï‡πà‡∏≠‡∏ß‡∏±‡∏ô‡∏™‡∏π‡∏á‡∏™‡∏∏‡∏î‡πÉ‡∏ô‡πÇ‡∏•‡∏Å (‡∏ä‡πà‡∏≠‡∏á‡∏™‡∏µ‡πÄ‡∏´‡∏•‡∏∑‡∏≠‡∏á)‚Äã ‡∏ä‡πà‡∏ß‡∏á 24 ‡∏ä‡∏±‡πà‡∏ß‡πÇ‡∏°‡∏á‚Äã‡∏ó‡∏µ‡πà‡∏ú‡πà‡∏≤‡∏ô‡∏°‡∏≤  https://t.co/AIAsXwXpPO
1402414568404439044 2021-06-09 06:57:43 +0700 <LittleD54128909> @Ryukend05520588 ‡∏≠‡∏¥‡πà‡∏°‡∏ó‡πâ‡∏≠‡∏á‡πÅ‡∏•‡πâ‡∏ß‡∏à‡∏∞‡πÑ‡∏î‡πâ‡∏´‡∏•‡∏±‡∏ö‡∏™‡∏ö‡∏≤‡∏¢
1402414559378362368 2021-06-09 06:57:41 +0700 <Raem53704302> @Namnueng_29 @milakumimi ‡∏≠‡∏¢‡∏≤‡∏Å‡πÑ‡∏î‡πâ‡∏à‡∏±‡∏á‡πÄ‡∏•‡∏¢‡∏Ñ‡πà‡∏∞
1402414551438561281 2021-06-09 06:57:39 +0700 <bornthiswaypppp> ‡πÑ‡∏°‡πà‡∏°‡∏µ‡πÉ‡∏Ñ‡∏£‡∏≠‡∏¢‡∏≤‡∏Å‡πÄ‡∏£‡∏¥‡πà‡∏° ‡∏ô‡∏±‡∏ö 1 ‡πÉ‡∏´‡∏°‡πà‡∏´‡∏£‡∏≠‡∏Å ‡πÄ‡∏û‡∏£‡∏≤‡∏∞‡∏Å‡∏ß‡πà‡∏≤‡∏à‡∏∞‡∏™‡∏ö‡∏≤‡∏¢‡πÉ‡∏à‡∏Å‡∏±‡∏ö‡∏Ñ‡∏ô‡∏´‡∏ô‡∏∂‡πà‡∏á‡∏Ñ‡∏ô ‡∏°‡∏±‡∏ô‡πÉ‡∏ä‡πâ‡πÄ‡∏ß‡∏•‡∏≤‡πÉ‡∏ô‡∏Å‡∏≤‡∏£‡πÄ‡∏£‡∏µ‡∏¢‡∏ô‡∏£‡∏π‡πâ‡∏Å‡∏±‡∏ô ‡∏û‡∏≠‡∏™‡∏°‡∏Ñ‡∏ß‡∏£  ‡πÅ‡∏•‡∏∞‡πÄ‡∏£‡∏≤‡∏Å‡πá‡πÄ‡∏ä‡∏∑‡πà‡∏≠‡∏ß‡πà‡∏≤ ‡πÑ‡∏°‡πà‡∏°‡∏µ‡πÉ‡∏Ñ‡∏£‡∏≠‡∏¢‡∏≤‡∏Å‡∏ó‡∏¥‡πâ‡∏á‡πÄ‡∏ß‡∏•‡∏≤‡πÑ‡∏õ‡πÉ‡∏´‡πâ‡πÄ‡∏õ‡∏•‡πà‡∏≤‡∏õ‡∏£‡∏∞‡πÇ‡∏¢‡∏ä‡∏ô‡πå‡∏´‡∏£‡∏≠‡∏Å ‡∏ñ‡πâ‡∏≤‡πÄ‡∏£‡∏≤‡πÄ‡∏•‡∏∑‡∏≠‡∏Å‡πÑ‡∏î‡πâ . . . #Skinship #fwb #fwb‡∏Å‡∏£‡∏∏‡∏á‡πÄ‡∏ó‡∏û #fwb‡∏Å‡∏ó‡∏° #‡πÄ‡∏£‡∏µ‡∏¢‡∏•‡∏ä‡∏≤‡∏¢ #‡πÄ‡∏£‡∏µ‡∏¢‡∏•‡∏´‡∏ç‡∏¥‡∏á  #‡πÄ‡∏£‡∏µ‡∏¢‡∏•‡∏°‡∏´‡∏≤‡∏•‡∏±‡∏¢ #‡πÄ‡∏£‡∏µ‡∏¢‡∏•‡∏ó‡πç‡∏≤‡∏á‡∏≤‡∏ô
1402414535122640897 2021-06-09 06:57:35 +0700 <JasonStars83> @Casey Only if it bounces off my motorcycle helmet ü™ñ
1402414534292250626 2021-06-09 06:57:35 +0700 <yourboynextd0Or> Magsisidatingan na mga budol ko nung 6.6ü§°
1402414527329628162 2021-06-09 06:57:33 +0700 <flukeferic> ‡∏°‡∏≠‡∏£‡πå‡∏ô‡∏¥‡πà‡∏á‡∏Ñ‡πâ‡∏≤‡∏ö ‡∏ù‡∏ô‡∏ï‡∏Å‡πÑ‡∏°‡πà‡∏≠‡∏¢‡∏≤‡∏Å‡∏ï‡∏∑‡πà‡∏ô‡πÄ‡∏•‡∏¢ ü•≤
1402414517233930240 2021-06-09 06:57:31 +0700 <mind_preeyachit> ‡πÄ‡∏°‡∏∑‡πà‡∏≠‡∏ß‡∏≤‡∏ô‡∏ô‡∏µ‡πâ ‡πÄ‡∏û‡∏¥‡πà‡∏á‡∏û‡∏π‡∏î‡∏Å‡∏±‡∏ö‡∏ô‡πâ‡∏≠‡∏á ‡πÜ ‡∏ó‡∏µ‡πà‡∏ô‡∏±‡πà‡∏á‡∏ó‡∏≤‡∏ô‡∏Ç‡πâ‡∏≤‡∏ß‡∏î‡πâ‡∏ß‡∏¢‡∏Å‡∏±‡∏ô‡∏ß‡πà‡∏≤  ‡∏â‡∏±‡∏ô‡πÄ‡∏ä‡∏∑‡πà‡∏≠‡∏ß‡πà‡∏≤ ‡∏ï‡πà‡∏≠‡πÉ‡∏´‡πâ‡∏ß‡∏±‡∏ô‡∏Ç‡πâ‡∏≤‡∏á‡∏´‡∏ô‡πâ‡∏≤‡∏à‡∏∞‡∏°‡∏µ‡∏≠‡∏∞‡πÑ‡∏£‡πÄ‡∏õ‡∏•‡∏µ‡πà‡∏¢‡∏ô‡πÑ‡∏õ ‡πÅ‡∏ï‡πà‡πÄ‡∏Ñ‡πâ‡∏≤‡∏™‡∏≠‡∏á‡∏Ñ‡∏ô‡∏à‡∏∞‡∏¢‡∏±‡∏á‡∏°‡∏µ‡∏Å‡∏±‡∏ô‡πÅ‡∏•‡∏∞‡∏Å‡∏±‡∏ô‡πÑ‡∏õ‡∏à‡∏ô‡∏ï‡∏•‡∏≠‡∏î‡∏ä‡∏µ‡∏ß‡∏¥‡∏ï‡∏Ç‡∏≠‡∏á‡∏û‡∏ß‡∏Å‡πÄ‡∏Ñ‡πâ‡∏≤  ‡πÅ‡∏•‡πâ‡∏ß‡∏°‡∏≤‡πÄ‡∏à‡∏≠‡∏ö‡∏ó‡∏™‡∏±‡∏°‡∏ç‡∏µ‡πà‡∏õ‡∏∏‡πà‡∏ô‡∏≠‡∏±‡∏ô‡∏ô‡∏µ‡πâ ‡∏°‡∏±‡∏ô‡∏¢‡∏¥‡πà‡∏á‡∏ä‡∏±‡∏î‡πÄ‡∏à‡∏ô‡πÄ‡∏•‡∏¢‡∏ß‡πà‡∏≤ ‡πÄ‡∏Ñ‡πâ‡∏≤‡∏ï‡πà‡∏≤‡∏á‡∏≠‡∏¢‡∏π‡πà‡πÉ‡∏ô‡∏Ñ‡∏ß‡∏≤‡∏°‡∏Ñ‡∏¥‡∏î‡πÅ‡∏•‡∏∞‡∏≠‡∏¢‡∏π‡πà‡πÉ‡∏ô‡∏´‡∏±‡∏ß‡πÉ‡∏à‡∏Ç‡∏≠‡∏á‡∏Å‡∏±‡∏ô‡πÅ‡∏•‡∏∞‡∏Å‡∏±‡∏ô  #‡πÑ‡∏ö‡∏£‡πå‡∏ó‡∏ß‡∏¥‡∏ô
1402414510678315011 2021-06-09 06:57:29 +0700 <dimensiondemo> ‡∏Ç‡∏∂‡πâ‡∏ô‡∏°‡∏≤‡∏•‡∏π‡∏Å  Don't fight the feeling - EXO - Îì§Ïñ¥Î≥¥ÏÑ∏Ïöî.   https://t.co/hQ1CCtalEa  by Melon  https://t.co/T6MObcSyD5
1402414507121467394 2021-06-09 06:57:28 +0700 <nuna_vmin> ‡πÄ‡∏û‡∏∑‡πà‡∏≠‡∏ô‡∏≠‡∏¢‡∏π‡πà‡πÄ‡∏¢‡∏≠‡∏£‡∏°‡∏±‡∏ô‡πÄ‡∏û‡∏¥‡πà‡∏á‡∏à‡∏∞‡πÑ‡∏î‡πâ‡∏â‡∏µ‡∏î Moderna ‡∏ô‡∏≤‡∏á‡∏ö‡∏≠‡∏Å‡πÑ‡∏Ç‡πâ‡∏Ç‡∏∂‡πâ‡∏ô‡∏™‡∏π‡∏á‡∏õ‡∏£‡∏µ‡πä‡∏î‡∏à‡∏ô‡∏´‡∏ô‡πâ‡∏≤‡πÅ‡∏î‡∏á ‡∏´‡∏ô‡∏≤‡∏ß‡∏™‡∏±‡πà‡∏ô‡πÅ‡∏ö‡∏ö‡πÉ‡∏™‡πà‡πÄ‡∏™‡∏∑‡πâ‡∏≠‡∏ú‡πâ‡∏≤3‡∏ä‡∏±‡πâ‡∏ô‡∏ô‡∏≠‡∏ô ‡∏≠‡∏≤‡∏Å‡∏≤‡∏£‡∏Ç‡πâ‡∏≤‡∏á‡πÄ‡∏Ñ‡∏µ‡∏¢‡∏á‡∏°‡∏±‡∏ô‡∏°‡∏µ‡∏ó‡∏∏‡∏Å‡∏ï‡∏±‡∏ß‡πÅ‡∏´‡∏•‡∏∞‡∏ô‡∏∞ ‡∏≠‡∏¢‡∏π‡πà‡∏ó‡∏µ‡πà‡∏ß‡πà‡∏≤‡∏à‡∏∞‡πÄ‡∏õ‡πá‡∏ô‡∏°‡∏≤‡∏Å‡πÄ‡∏õ‡πá‡∏ô‡∏ô‡πâ‡∏≠‡∏¢
1402414502159605762 2021-06-09 06:57:27 +0700 <DD17729> Good‚Äã Mewning‚òÄÔ∏è  #WednesdaySayLoveMew #MewSuppasit @MSuppasit #‡∏°‡∏¥‡∏ß‡∏®‡∏∏‡∏†‡∏®‡∏¥‡∏©‡∏è‡πå
1402414491636142080 2021-06-09 06:57:25 +0700 <ppdemons> @gulfkanawut ‡∏´‡∏≠‡∏°‡∏´‡∏±‡∏ß‡∏Ñ‡∏±‡∏ö‡∏ö‡∏ö‡∏ö ‡∏ô‡πà‡∏≤‡∏£‡∏±‡∏Å‡∏ó‡∏µ‡πà‡∏™‡∏∏‡∏î‡πÄ‡∏•‡πâ‡∏¢‡∏¢‡∏¢
1402414485508218880 2021-06-09 06:57:23 +0700 <KPNUCH2> ‡∏Ñ‡∏£‡∏ö‡πÄ‡∏Ñ‡∏£‡∏∑‡πà‡∏≠‡∏á ‡∏ó‡∏±‡πâ‡∏á‡∏™‡∏ß‡∏¢ ‡∏ó‡∏±‡πâ‡∏á‡∏´‡∏•‡πà‡∏≠ ‡∏ó‡∏±‡πâ‡∏á‡πÄ‡∏ã‡πá‡∏Å‡∏ã‡∏µ‡πà ‡∏¢‡∏¥‡πà‡∏á‡πÅ‡∏ï‡πà‡∏á‡∏õ‡∏≠‡∏¢‡∏ú‡∏°‡∏´‡∏ß‡∏≤‡∏ô‡∏Ç‡πâ‡∏≤‡∏á‡πÅ‡∏Å‡πâ‡∏°‡∏Å‡πá‡∏¢‡∏¥‡πà‡∏á‡∏™‡∏ß‡∏¢‡∏´‡∏¢‡∏≤‡∏î‡∏ü‡πâ‡∏≤‡∏°‡∏≤‡∏î‡∏¥‡∏ô  https://t.co/xgzoe4eoVC
1402414477706883076 2021-06-09 06:57:21 +0700 <bojendL> ‡∏ß‡∏¥‡∏ó‡∏¢‡∏≤‡∏ô‡∏¥‡∏û‡∏ô‡∏ò‡πå(‡∏õ.‡∏ï‡∏£‡∏µ) ‡∏Å‡∏±‡∏ö ‡∏õ‡∏£‡∏¥‡∏ç‡∏ç‡∏≤‡∏ô‡∏¥‡∏û‡∏ô‡∏ò‡πå (‡∏õ.‡πÇ‡∏ó) ‡πÄ‡∏£‡∏≤‡∏ó‡∏≥‡πÄ‡∏Å‡∏µ‡πà‡∏¢‡∏ß‡∏Å‡∏±‡∏ö‡∏Å‡∏•‡∏∏‡πà‡∏° Gay (‡∏ä.‡πÅ‡∏•‡∏∞‡∏ç.)  ‡∏™‡∏°‡∏±‡∏¢‡∏õ.‡∏ï‡∏£‡∏µ ‡∏´‡∏ô‡∏±‡∏á‡πÄ‡∏£‡∏∑‡πà‡∏≠‡∏á‡∏£‡∏±‡∏Å‡πÅ‡∏´‡πà‡∏á‡∏™‡∏¢‡∏≤‡∏°‡∏î‡∏±‡∏á‡∏°‡∏≤‡∏Å ‡πÄ‡∏£‡∏≤‡∏Å‡πá‡∏ó‡∏≥‡πÄ‡∏Å‡∏µ‡πà‡∏¢‡∏ß‡∏Å‡∏±‡∏ö ‡∏õ‡∏±‡∏à‡∏à‡∏±‡∏¢‡∏ó‡∏µ‡πà‡∏™‡πà‡∏á‡∏ú‡∏•‡πÉ‡∏´‡πâ‡πÄ‡∏Å‡∏¥‡∏î‡∏Å‡∏≤‡∏¢‡∏≠‡∏°‡∏£‡∏±‡∏ö‡∏Å‡∏•‡∏∏‡πà‡∏°‡πÄ‡∏Å‡∏¢‡πå(‡∏ä.‡∏£‡∏±‡∏Å‡∏ä.)  ‡∏™‡∏°‡∏±‡∏¢‡∏õ.‡πÇ‡∏ó ‡∏ó‡∏≥‡πÄ‡∏Å‡∏µ‡πà‡∏¢‡∏ß‡∏Å‡∏±‡∏ö‡∏Å‡∏≤‡∏£‡πÄ‡∏õ‡∏£‡∏µ‡∏¢‡∏ö‡πÄ‡∏ó‡∏µ‡∏¢‡∏ö‡∏Å‡∏≤‡∏£‡πÄ‡∏´‡πá‡∏ô‡∏Ñ‡∏∏‡∏ì‡∏Ñ‡πà‡∏≤‡πÉ‡∏ô‡∏ï‡∏ô‡πÄ‡∏≠‡∏á‡∏£‡∏∞‡∏´‡∏ß‡πà‡∏≤‡∏á‡∏Å‡∏•‡∏∏‡πà‡∏°‡πÄ‡∏Å‡∏¢‡πå(‡∏ç.‡∏£‡∏±‡∏Å‡∏ç.)‡∏Ñ‡∏ô‡πÑ‡∏ó‡∏¢‡∏Å‡∏±‡∏ö‡∏Ñ‡∏ô‡∏£‡∏±‡∏™‡πÄ‡∏ã‡∏µ‡∏¢
1402414476436000769 2021-06-09 06:57:21 +0700 <aimerame> ‡πÑ‡∏î‡πâ‡∏Ñ‡πà‡∏≤‡∏ö‡∏±‡∏ï‡∏£‡∏Ñ‡∏≠‡∏ô‡∏Ñ‡∏∑‡∏ô‡πÅ‡∏•‡πâ‡∏ß ‡∏ã‡∏±‡∏Å‡∏ó‡∏µ ‡∏ú‡∏•‡∏à‡∏≤‡∏Å‡∏Å‡∏≤‡∏£‡πÉ‡∏´‡πâ‡πÄ‡∏û‡∏∑‡πà‡∏≠‡∏ô‡πÇ‡∏ó‡∏£‡πÑ‡∏õ‡∏à‡∏¥‡∏Å‡∏Ñ‡∏≠‡∏•‡πÄ‡∏ã‡∏ô‡πÄ‡∏ï‡∏≠‡∏£‡πå‡∏°‡∏∞‡∏ß‡∏≤‡∏ôüòÇüòÇüòÇ
1402414476016578560 2021-06-09 06:57:21 +0700 <bojendL> ‡πÄ‡∏£‡∏≤‡πÄ‡∏õ‡πá‡∏ô CIS ‡∏ó‡∏µ‡πà‡πÉ‡∏´‡πâ‡∏Ñ‡∏∏‡∏ì‡∏Ñ‡πà‡∏≤‡∏Å‡∏±‡∏ö LGBTQ+ ‡∏°‡∏≤‡∏ï‡∏•‡∏≠‡∏î ‡πÅ‡∏ï‡πà‡∏ñ‡πâ‡∏≤‡∏°‡∏≤‡∏ö‡∏≠‡∏Å‡∏ß‡πà‡∏≤‡∏ó‡∏≥‡πÑ‡∏°‡πÄ‡∏ò‡∏≠‡πÑ‡∏°‡πà‡∏¢‡∏≠‡∏°‡∏Ñ‡∏ö‡∏Å‡∏±‡∏ö‡∏ú‡∏π‡πâ‡∏´‡∏ç‡∏¥‡∏á‡∏î‡πâ‡∏ß‡∏¢‡∏Å‡∏±‡∏ô‡∏ö‡πâ‡∏≤‡∏á‡∏•‡∏∞ ‡πÅ‡∏•‡πâ‡∏ß‡∏°‡∏≤‡∏î‡πâ‡∏≠‡∏¢‡∏Ñ‡πà‡∏≤‡∏ß‡πà‡∏≤ ‡∏ó‡∏≥‡πÅ‡∏ö‡∏ö‡∏ô‡∏µ‡πâ‡∏Å‡πá‡πÑ‡∏°‡πà‡πÑ‡∏î‡πâ‡πÅ‡∏™‡∏î‡∏á‡∏ß‡πà‡∏≤‡∏¢‡∏≠‡∏°‡∏£‡∏±‡∏ö‡∏Å‡∏•‡∏∏‡πà‡∏° LGBTQ+ ‡∏à‡∏£‡∏¥‡∏á‡πÜ ‡∏°‡∏±‡∏ô‡∏Å‡πá‡πÅ‡∏õ‡∏•‡∏Å‡πÜ‡πÑ‡∏´‡∏°
1402414464721309697 2021-06-09 06:57:18 +0700 <kamagra789> ‡∏ã‡∏≠‡∏á‡πÄ‡∏î‡∏µ‡∏¢‡∏ß #‡πÄ‡∏™‡∏µ‡∏¢‡∏ß ‡∏ó‡∏±‡πâ‡∏á‡∏Ñ‡∏∑‡∏ô  ‚ù£Ô∏é‚ù£Ô∏é ‡∏û‡∏£‡πâ‡∏≠‡∏°‡∏£‡∏ö ‡∏´‡∏£‡∏∑‡∏≠ ‡∏û‡∏£‡πâ‡∏≠‡∏°‡∏£‡∏±‡∏ö ‚ù£Ô∏é‚ù£Ô∏é ‡∏ï‡∏±‡∏ß‡∏ä‡πà‡∏ß‡∏¢‡∏≠‡∏∂‡∏î‡∏ó‡πà‡∏≤‡∏ô‡∏ä‡∏≤‡∏¢-‡∏ä‡∏∞‡∏•‡∏≠‡∏´‡∏•‡∏±‡πà‡∏á  ‚ô°Ô∏é 10 ‡∏ã‡∏≠‡∏á 490.-   #‡∏¢‡∏≤‡∏≠‡∏∂‡∏î #‡∏¢‡∏≤‡∏õ‡∏•‡∏∏‡∏Å‡πÄ‡∏ã‡πá‡∏Å‡∏™‡πå‡∏ä‡∏≤‡∏¢ #kamagra #‡πÑ‡∏ß‡∏≠‡∏≤‡∏Å‡∏£‡πâ‡∏≤ #‡πÑ‡∏ß‡∏≠‡∏≤‡∏Å‡πâ‡∏≤ #‡∏Ñ‡∏≤‡∏°‡∏≤‡∏Å‡∏£‡πâ‡∏≤ #‡∏Ç‡∏≠‡∏á‡πÄ‡∏•‡πà‡∏ô‡πÄ‡∏™‡∏µ‡∏¢‡∏ß   ‚úîÔ∏é ID line : @kamagra456  https://t.co/tB1ztgVQnO
1402414452943716353 2021-06-09 06:57:15 +0700 <studio2702> Bill and Melinda Gates‚Äôs epic divorce saga enters its next phase. The blowup of a billionaire duo‚Äôs 27-year marriage was always going to be rife with drama. Now come the private investigators, rumors of affairs, and former employees chafing at NDAs ‚Ä¶  https://t.co/frCXtaDqZI
1402414451664461825 2021-06-09 06:57:15 +0700 <LittleD54128909> @Ryukend05520588 ‡∏ó‡∏≥‡∏ô‡πâ‡∏≥‡∏´‡∏ô‡∏±‡∏Å‡πÑ‡∏°‡πà‡∏Ç‡∏∂‡πâ‡∏ô‡∏≠‡πà‡∏∞ ‡∏õ‡∏ß‡∏î‡∏´‡∏±‡∏ß
1402414438456512518 2021-06-09 06:57:12 +0700 <JakkapunN9n> @bkk_od ‡πÇ‡∏°‡πä‡∏Ñ‡∏ô‡∏¥‡πà‡∏á
1402414426100174853 2021-06-09 06:57:09 +0700 <baekbebey> ‡∏Ç‡∏≥‡∏ß‡πà‡∏∞‡∏™‡∏°‡∏±‡∏¢‡∏Å‡πà‡∏≠‡∏ô‡∏Å‡∏π‡∏≠‡∏ß‡∏¢‡∏Ç‡∏ô‡∏≤‡∏î‡∏ô‡∏µ‡πâ‡πÄ‡∏•‡∏¢‡∏ô‡∏∞ ‡πÄ‡∏Å‡πà‡∏á‡∏°‡∏≤‡∏Å‡∏ö‡∏ö.
1402414425613557763 2021-06-09 06:57:09 +0700 <GcJ8mzzUKSB82vD> @RomenticFarm ‡∏°‡∏≠‡∏ô‡∏¥‡πà‡∏á‡∏Ñ‡∏±‡∏ö‡∏´‡∏¥‡∏ß‡∏ô‡∏°‡πÄ‡∏•‡∏¢ ‡πÑ‡∏õ‡∏ä‡∏∑‡πâ‡∏≠‡∏°‡∏≤‡∏î‡∏π‡∏î‡∏Å‡πà‡∏≠‡∏ô
1402414425550712841 2021-06-09 06:57:09 +0700 <ttranquilityy_> ‡∏ß‡∏±‡∏ô‡∏ô‡∏µ‡πâ‡∏™‡πà‡∏á‡∏Ç‡∏≠‡∏á‡∏á‡∏á‡∏á ‡πÉ‡∏Ñ‡∏£‡πÄ‡∏≠‡∏≤‡∏ó‡∏±‡∏Å‡∏°‡∏≤‡πÄ‡∏•‡∏¢‡∏Ñ‡πà‡∏≤ #‡πÑ‡∏ß‡πâ‡∏£‡∏µ‡∏ß‡∏¥‡∏ß‡∏´‡πâ‡∏≤‡∏°‡∏Ç‡∏≤‡∏¢‡∏Ç‡∏≠‡∏á‡πÇ‡∏ß‡πâ‡∏¢‡∏¢ #‡∏û‡∏£‡πâ‡∏≠‡∏°‡∏™‡πà‡∏á #‡πÅ‡∏°‡∏™‡πÄ‡∏Å‡∏≤‡∏´‡∏•‡∏µ #‡πÅ‡∏°‡∏™kf94
1402414423659061248 2021-06-09 06:57:08 +0700 <Tanubam1>  https://t.co/LeMqqrp62f ‡∏ö‡∏≠‡∏Å‡πÄ‡∏•‡∏¢‡∏ß‡πà‡∏≤‡∏ô‡πâ‡∏≠‡∏á‡πÅ‡∏ö‡∏°‡∏´‡∏•‡πà‡∏≠‡∏°‡∏≤‡∏Å ‡∏á‡∏≤‡∏ô‡∏î‡∏µ‡∏°‡∏≤‡∏Å ‡∏ù‡∏≤‡∏Å‡∏Å‡∏î‡πÑ‡∏•‡∏Ñ‡πå‡∏Å‡∏î‡∏ã‡∏±‡∏ö‡∏ä‡πà‡∏≠‡∏á‡∏¢‡∏π‡∏ó‡∏π‡∏õ‡∏ô‡πâ‡∏≠‡∏á‡πÅ‡∏ö‡∏°‡∏î‡πâ‡∏ß‡∏¢‡∏ô‡πâ‡∏≤‡∏≤ü•∞ü•∞ #BamBam #BamBam_riBBon #BAMBAMxABYSS #GOT7
1402414421771571200 2021-06-09 06:57:08 +0700 <AuntmanL> @Lonely90329223 ‡∏™‡∏ß‡∏¢
1402414392478601217 2021-06-09 06:57:01 +0700 <CKBChobshow> @jTvqC6Ke6dbW2P9 ‡∏ò‡∏±‡∏ç‡∏ç‡πà‡∏≤ ‡∏Ñ‡∏°‡∏Å‡∏ß‡πà‡∏≤‡∏°‡∏≤‡∏Å
1402414387197972480 2021-06-09 06:57:00 +0700 <ZhentingLiu> "‡∏¢‡∏π ‡∏ã‡∏±‡∏á-‡∏ä‡∏≠‡∏•"(Ïú†ÏÉÅÏ≤† Êü≥ÊÉ≥Èêµ)‡∏™‡∏∏‡∏î‡∏¢‡∏≠‡∏î‡∏°‡∏¥‡∏î‡∏ü‡∏¥‡∏•‡∏î‡πå‡πÅ‡∏´‡πà‡∏á‡πÄ‡∏≠‡πÄ‡∏ã‡∏µ‡∏¢ ‡∏≠‡∏î‡∏µ‡∏µ‡∏ï‡∏ô‡∏±‡∏Å‡πÄ‡∏ï‡∏∞‡∏ó‡∏µ‡∏°‡∏ä‡∏≤‡∏ï‡∏¥‡πÄ‡∏Å‡∏≤‡∏´‡∏•‡∏µ‡πÉ‡∏ï‡πâ‡∏ó‡∏µ‡πà‡∏û‡∏≤‡∏ó‡∏µ‡∏°‡πÄ‡∏Ç‡πâ‡∏≤‡∏£‡∏≠‡∏ö4‡∏ó‡∏µ‡∏°‡∏™‡∏∏‡∏î‡∏ó‡πâ‡∏≤‡∏¢‡∏ü‡∏∏‡∏ï‡∏ö‡∏≠‡∏•‡πÇ‡∏•‡∏Å 2002 ‡∏ã‡∏∂‡πà‡∏á‡πÄ‡∏Å‡∏≤‡∏´‡∏•‡∏µ‡πÉ‡∏ï‡πâ‡πÅ‡∏•‡∏∞‡∏ç‡∏µ‡πà‡∏õ‡∏∏‡πà‡∏ô‡∏£‡πà‡∏ß‡∏°‡πÄ‡∏õ‡πá‡∏ô‡πÄ‡∏à‡πâ‡∏≤‡∏†‡∏≤‡∏û  ‡∏ñ‡∏∂‡∏á‡πÅ‡∏Å‡πà‡∏Å‡∏£‡∏£‡∏°‡∏î‡πâ‡∏ß‡∏¢‡πÇ‡∏£‡∏Ñ‡∏°‡∏∞‡πÄ‡∏£‡πá‡∏á‡∏ï‡∏±‡∏ö‡∏≠‡πà‡∏≠‡∏ô ‡πÄ‡∏°‡∏∑‡πà‡∏≠‡∏ß‡∏±‡∏ô‡∏ó‡∏µ‡πà 7 ‡∏°‡∏¥‡∏ñ‡∏∏‡∏ô‡∏≤‡∏¢‡∏ô‡∏ó‡∏µ‡πà‡∏ú‡πà‡∏≤‡∏ô‡∏°‡∏≤  ‡∏™‡∏¥‡∏£‡∏¥‡∏≠‡∏≤‡∏¢‡∏∏ 50   (‡∏™‡∏≥‡∏ô‡∏±‡∏Å‡∏Ç‡πà‡∏≤‡∏ß‡∏´‡∏á‡∏ß‡∏ô   ‡∏à‡∏±‡∏î‡πÉ‡∏´‡πâ)  https://t.co/4FVNedgNFk
1402414385704980481 2021-06-09 06:56:59 +0700 <icecreamtip> Have a good day ‡∏Ñ‡πà‡∏∞ ‡∏Ñ‡∏∏‡∏ì‡∏Ñ‡∏ß‡∏≤‡∏°‡∏£‡∏±‡∏Å ü•∞‚ò∫üê∞       üê∞M A R K T U A Nüê∞  #Marktuan #ÊÆµÂÆúÊÅ©  @marktuan #‡∏°‡∏≤‡∏£‡πå‡∏Ñ‡∏ï‡πâ‡∏ß‡∏ô  #GOT7  #Í∞ìÏÑ∏Î∏ê @GOT7Official  https://t.co/b23B6iKDuU
1402414375365799936 2021-06-09 06:56:57 +0700 <AppleJackze> ‡∏•‡∏π‡∏Å‡∏Å‡∏π‡πÄ‡∏´‡πá‡∏ô‡πÄ‡πÄ‡∏Ñ‡πà‡∏£‡πà‡∏≠‡∏á‡∏≠‡∏Å‡∏Å‡πâ‡∏≠‡∏î‡∏∏‡∏û‡∏≠‡∏ô‡πÄ‡πÄ‡∏£‡πâ‡∏ß‡∏≠‡∏∞
1402414375151968257 2021-06-09 06:56:57 +0700 <OR_YEOL> ‡∏ô‡πá‡∏≠‡∏Ñ‡∏ô‡πá‡∏≠‡∏Ñ‡∏Ñ‡∏∑‡∏≠‡∏•‡∏á‡∏ó‡∏ß‡∏µ‡∏ï‡∏ó‡∏∏‡∏Å‡∏Ç‡∏±‡πà‡∏ß‡πÇ‡∏°‡∏á‡πÄ‡πÄ‡∏ä‡∏£‡πå‡πÄ‡∏û‡∏•‡∏á‡∏ó‡∏∏‡∏Å‡∏ä‡∏±‡πà‡∏ß‡πÇ‡∏°‡∏á ‡∏ó‡∏≥‡∏á‡∏≤‡∏ô‡∏´‡∏ô‡∏±‡∏Å‡∏°‡∏≤‡∏Å‡πÄ‡πÄ‡∏á‡∏á‡∏á
1402414373654597634 2021-06-09 06:56:56 +0700 <mqGOjGQXYpkI7bY> @Chuthathip1230 ‡∏Ñ‡∏∏‡∏ì‡∏™‡∏ß‡∏¢
1402414368961093633 2021-06-09 06:56:55 +0700 <nkurtttt> ‡∏ï‡πâ‡∏≤‡∏ß‡πÅ‡∏°‡∏ß‡∏ß‡∏ß‡∏ß‡∏ß‡∏ß‡∏ß ‡πÅ‡∏Ñ‡πà‡∏Ç‡πâ‡∏≠‡∏Ñ‡∏ß‡∏≤‡∏°‡∏Å‡πá‡∏≠‡∏¢‡∏≤‡∏Å‡∏à‡∏±‡∏ö‡∏ö‡∏µ‡∏ö‡πÅ‡∏•‡πâ‡∏ß‡∏≠‡πà‡∏∞ #‡πÑ‡∏ö‡∏£‡πå‡∏ó‡∏°‡∏¥‡∏ß‡∏ã‡πå
1402414367505666048 2021-06-09 06:56:55 +0700 <LookplaMK02> @GknwSupportTH ‡∏û‡∏±‡∏Å‡∏ú‡πà‡∏≠‡∏ô‡∏ö‡πâ‡∏≤‡∏á‡∏ô‡∏∞‡∏Ñ‡∏∞ ‚úäüì¶‚ù§ ‡∏≠‡∏¢‡∏π‡πà‡∏ó‡∏≤‡∏á‡∏ô‡∏µ‡πâ‡∏ô‡πâ‡∏≤‡∏≤‡∏≤‡∏≤ ü•∞ü•∞ü•∞
1402414367027589123 2021-06-09 06:56:55 +0700 <FitriNh79896143> Wehhhh masih pagi udah bikin jantungan aja #‡∏´‡∏ß‡∏≤‡∏ô‡πÉ‡∏à‡∏°‡∏¥‡∏ß‡∏Å‡∏•‡∏±‡∏ü
1402414358324408320 2021-06-09 06:56:53 +0700 <DEVILmechanical> hi haaiii üå§Ô∏è #janchan  https://t.co/7nW0zouFVL
1402414357506498564 2021-06-09 06:56:53 +0700 <EdcelBabila> NGAYON NA YUNG SPECIAL EP NG LOVELY WRITERRRRRRRRRRRRRRR
1402414351038894080 2021-06-09 06:56:51 +0700 <ko0khie> Good morning ü•∞üòò  Have a great day ahead üòç
1402414339483750408 2021-06-09 06:56:48 +0700 <odinaka_savage> @Iampreshiouz @Rheeta_xo How family
1402414306809946114 2021-06-09 06:56:40 +0700 <kmax1979jp> ÁîüÊ∂ØÁèæÂΩπ„ÄÇ ÁõÆÊåá„Åô„Åã„Çâ„Å´„ÅØ„ÄÅ„Åù„Çå„Å™„Çä„ÅÆÂä™Âäõ„ÇÇ„Åó„Å™„Åë„Çå„Å∞ÔºÅ  https://t.co/6IGBFj8s6S #kmax
1402414302372401152 2021-06-09 06:56:39 +0700 <seafarer09> @EssXws9AnTY5dd7 ‡∏≠‡∏Å‡∏´‡∏±‡∏Å
1402414301046992899 2021-06-09 06:56:39 +0700 <am_pm2248> @gulfkanawut ‡∏Ñ‡∏¥‡∏î‡∏ñ‡∏∂‡∏á‡∏ô‡∏∞ü•∫
1402414288573124611 2021-06-09 06:56:36 +0700 <Kraisuwit> @junepopo29 ‡∏û‡∏¢‡∏≤‡∏ö‡∏≤‡∏•‡πÄ‡∏õ‡πá‡∏ô‡∏≠‡∏≤‡∏ä‡∏µ‡∏û‡∏ó‡∏µ‡πà‡πÄ‡∏™‡∏µ‡∏¢‡∏™‡∏•‡∏∞‡∏°‡∏≤‡∏Å‡πÜ ‡∏ô‡∏∞ ‡πÄ‡∏£‡∏≤‡πÄ‡∏Ñ‡∏¢‡πÑ‡∏°‡πà‡∏ä‡∏≠‡∏ö‡πÄ‡∏ß‡∏•‡∏≤‡∏û‡∏¢‡∏≤‡∏ö‡∏≤‡∏•‡∏ä‡∏±‡∏Å‡∏™‡∏µ‡∏´‡∏ô‡πâ‡∏≤‡πÄ‡∏ß‡∏•‡∏≤‡∏û‡∏≤‡πÅ‡∏°‡πà‡πÑ‡∏õ‡∏´‡∏≤‡∏´‡∏°‡∏≠ ‡πÅ‡∏ï‡πà‡∏û‡∏≠‡∏ï‡∏±‡∏ß‡πÄ‡∏≠‡∏á‡∏ï‡πâ‡∏≠‡∏á‡∏ô‡∏≠‡∏ô ‡∏£‡∏û. ‡πÄ‡∏õ‡πá‡∏ô‡πÄ‡∏î‡∏∑‡∏≠‡∏ô ‡πÇ‡∏≠‡πâ‡πÇ‡∏´ ‡∏û‡∏¢‡∏≤‡∏ö‡∏≤‡∏•‡∏ó‡∏≥‡∏ó‡∏∏‡∏Å‡∏≠‡∏¢‡πà‡∏≤‡∏á ‡πÄ‡∏Å‡πá‡∏ö‡∏â‡∏µ‡πà ‡πÄ‡∏ä‡πá‡∏î‡∏ï‡∏±‡∏ß‡πÄ‡∏£‡∏≤ ‡∏î‡∏π‡πÅ‡∏•‡∏¢‡∏¥‡πà‡∏á‡∏Å‡∏ß‡πà‡∏≤ ‡πÅ‡∏•‡πâ‡∏ß‡∏ó‡∏≥‡∏ó‡∏∏‡∏Å‡πÄ‡∏ï‡∏µ‡∏¢‡∏á ‡∏û‡∏ß‡∏Å‡∏Ñ‡∏ô‡∏ó‡∏µ‡πà‡πÑ‡∏õ‡∏ó‡∏≥‡∏£‡πâ‡∏≤‡∏¢‡πÉ‡∏™‡πà‡∏û‡∏¢‡∏≤‡∏ö‡∏≤‡∏•‡πÄ‡∏ô‡∏µ‡πà‡∏¢ ‡∏ó‡∏∏‡πÄ‡∏£‡∏®‡∏°‡∏≤‡∏Å‡∏à‡∏£‡∏¥‡∏á‡πÜ
1402414279110774786 2021-06-09 06:56:34 +0700 <JAJAOHH> @muenfun_dm ‡∏Å‡∏≠‡∏î‚úåüèª
1402414270323642368 2021-06-09 06:56:32 +0700 <pacarsiwi_> @princessmuff h a g d jamet
1402414269812117505 2021-06-09 06:56:32 +0700 <Asswtel330582> @Chula982 @ksang007 @KhaosodOnline ‡∏ö‡∏π‡∏£‡∏û‡πå ‡∏ö‡∏Å.‡∏™‡∏•‡∏¥‡πà‡∏° ‡∏¢‡∏±‡∏á‡πÑ‡∏°‡πà‡∏¢‡∏∑‡∏ô‡∏¢‡∏±‡∏ô‡πÄ‡∏•‡∏¢‡∏ß‡πà‡∏≤‡∏ï‡∏≤‡∏¢‡∏à‡∏≤‡∏Å‡∏≠‡∏∞‡πÑ‡∏£ ‡πÄ‡∏Ç‡∏≤‡∏û‡∏π‡∏î‡∏ñ‡∏∂‡∏á‡∏õ‡∏£‡∏∞‡∏™‡∏¥‡∏ó‡∏ò‡∏¥‡∏†‡∏≤‡∏û‡∏ß‡∏±‡∏Ñ‡∏ã‡∏µ‡∏ô‡∏ï‡πà‡∏≥‡πÅ‡∏ó‡∏ô‡∏ó‡∏µ‡πà‡∏à‡∏∞‡πÄ‡∏≠‡∏≤‡∏Ç‡∏≠‡∏á‡∏î‡∏µ‡∏Å‡∏ß‡πà‡∏≤‡∏°‡∏≤‡∏â‡∏µ‡∏î ‡πÄ‡∏≠‡∏ü‡πÄ‡∏ü‡∏Ñ‡∏°‡∏±‡∏ô‡∏°‡∏µ‡∏ó‡∏∏‡∏Å‡∏ï‡∏±‡∏ß‡∏•‡∏∞
1402414254486028293 2021-06-09 06:56:28 +0700 <OR_YEOL> ‡∏ó‡∏£‡∏á‡∏á‡∏≤‡∏ô‡∏´‡∏ô‡∏±‡∏Å‡∏à‡∏£‡∏µ‡∏á‡πÜ
1402414253408100352 2021-06-09 06:56:28 +0700 <CVc9CPim7D2CDpZ> @MC9AilS4SH15RoN ‡∏ä‡∏≠‡∏ö‡πÅ‡∏ö‡∏ö‡πÄ‡∏¢‡∏î‡∏°‡∏≤‡∏Å‡∏Å‡∏ß‡πà‡∏≤‡πÄ‡∏¢‡∏î‡∏Ç‡∏≠‡∏á‡∏à‡∏¥‡∏á‡πÑ‡∏î‡πâ‡∏õ‡πà‡∏∞
1402414240430915585 2021-06-09 06:56:25 +0700 <Matta68346341> @skoillza ‡∏£‡∏±‡∏Å‡∏Å‡∏±‡∏ô  ‡∏ö‡∏≠‡∏Å‡∏£‡∏±‡∏Å‡πÉ‡∏´‡πâ‡πÇ‡∏•‡∏Å‡∏£‡∏π‡πâ
1402414235208994816 2021-06-09 06:56:23 +0700 <Sitiwat10> @ODoors1234 69‡∏≠‡∏µ‡∏Å‡πÅ‡∏•‡πâ‡∏ß
1402414232952442884 2021-06-09 06:56:23 +0700 <flukeferic> @Guypanupong ‡∏°‡∏≠‡∏£‡πå‡∏ô‡∏¥‡πà‡∏á‡∏Æ‡∏∞
1402414228313575427 2021-06-09 06:56:22 +0700 <iikzblink> @Aimareim HBD Ka ^^
1402414221644627972 2021-06-09 06:56:20 +0700 <baconbkk> Using narcotics to coerce the poorer members of society to take an experimental vaccine for a disease that has a 99+% survival rate and kills people with an average age above life expectancy? It's almost peak 2021 that this can be even suggested as a moral stance.
1402414221288120322 2021-06-09 06:56:20 +0700 <NightPhoomin> @IQU_IOI ‡πÄ‡∏ò‡∏≠‡∏´‡∏•‡∏≠‡∏Å‡πÄ‡∏£‡∏≤‡πÑ‡∏°‡πà‡πÑ‡∏î‡πâ‡∏ô‡∏∞ 555
1402414218855424000 2021-06-09 06:56:20 +0700 <Iyoohht> Patayy hindi ko matatanggal hikaw ko bagoo langg
1402414195455496199 2021-06-09 06:56:14 +0700 <IamPuenkst> ‡∏ô‡∏±‡∏ö‡∏ñ‡∏≠‡∏¢‡∏´‡∏•‡∏±‡∏á ‡∏™‡∏π‡πà‡∏ß‡∏±‡∏ô‡πÑ‡∏ó‡∏•‡πå ‡πÄ‡∏£‡∏¥‡πà‡∏°
1402414172395110403 2021-06-09 06:56:08 +0700 <19wunm> ‡∏ï‡∏≠‡∏ô‡πÄ‡∏£‡∏µ‡∏¢‡∏ô ‡∏™‡∏ñ‡∏¥‡∏ï‡∏¥‡∏Å‡πá‡∏ö‡∏≠‡∏Å‡∏ß‡πà‡∏≤‡∏ú‡∏ä.‡πÇ‡∏î‡∏ô‡πÄ‡∏¢‡∏≠‡∏∞‡∏Å‡∏ß‡πà‡∏≤‡∏ô‡∏∞‡πÄ‡∏£‡∏∑‡πà‡∏≠‡∏á‡∏Ñ‡∏ß‡∏≤‡∏°‡∏£‡∏∏‡∏ô‡πÅ‡∏£‡∏á‡πÉ‡∏ô‡∏Ñ‡∏£‡∏≠‡∏ö‡∏Ñ‡∏£‡∏±‡∏ß‡∏≠‡∏∞ ‡πÅ‡∏¢‡∏Å‡πÄ‡∏£‡∏∑‡πà‡∏≠‡∏á‡∏£‡∏∞‡∏î‡∏±‡∏ö‡∏Ñ‡∏ß‡∏≤‡∏°‡∏£‡∏∏‡∏ô‡πÅ‡∏£‡∏á‡πÑ‡∏£‡∏á‡∏µ‡πâ
1402414167655542784 2021-06-09 06:56:07 +0700 <AppleJackze> ‡∏Ç‡∏≤‡∏≠‡πà‡∏≠‡∏ô‡∏Ñ‡∏¥‡∏°‡∏î‡∏Å‡∏à‡∏≤‡∏≠‡∏µ‡∏™‡∏î‡∏≤‡πÄ‡∏ö‡∏™
1402414165080166404 2021-06-09 06:56:07 +0700 <ANNIEANN1988> ‡∏ü‡∏±‡∏á Self Love - POLYCAT üíô‚öΩÔ∏èü¶Å #‡∏´‡∏ß‡∏≤‡∏ô‡πÉ‡∏à‡∏°‡∏¥‡∏ß‡∏Å‡∏•‡∏±‡∏ü #GulfKanawut #‡∏•‡∏π‡∏Å‡∏ö‡∏≠‡∏•‡∏Ç‡∏≠‡∏á‡∏Ñ‡∏∏‡∏ì‡∏ö‡∏¥‡πä‡∏Å‡∏Å‡∏•‡∏±‡∏ü #PhiBalls   https://t.co/stnsLUWpHD #JOOXTH
1402414157828268038 2021-06-09 06:56:05 +0700 <mayureechomchu4> @bowvy347 ‡πÄ‡∏õ‡πá‡∏ô‡∏Å‡∏≥‡∏•‡∏±‡∏á‡πÉ‡∏à‡πÉ‡∏´‡πâ‡∏ô‡∏∞‡∏Ñ‡∏∞
1402414151301881858 2021-06-09 06:56:03 +0700 <Mewww9514> @IMwhallian ‡∏•‡∏á‡∏ó‡∏±‡∏ß‡∏£‡πå‡∏î‡πâ‡∏ß‡∏¢‡∏™‡∏¥‡∏Ñ‡∏∞ ‡πÅ‡∏á‡∏á‡∏á ‡∏ô‡∏£‡∏Å‡∏à‡∏∞‡∏£‡πâ‡∏≠‡∏ô‡∏Å‡∏ß‡πà‡∏≤‡πÑ‡∏ü‡∏£‡πà‡∏≤‡∏ô‡∏´‡∏ô‡∏π‡πÑ‡∏î‡πâ‡πÑ‡∏á‡∏á‡∏á
1402414144452632576 2021-06-09 06:56:02 +0700 <ThaiPBSNews> ‡πÄ‡∏£‡πà‡∏á‡∏´‡∏≤‡∏™‡∏≤‡πÄ‡∏´‡∏ï‡∏∏‡∏´‡∏ç‡∏¥‡∏á‡∏ß‡∏±‡∏¢ 46 ‡∏õ‡∏µ‡πÄ‡∏™‡∏µ‡∏¢‡∏ä‡∏µ‡∏ß‡∏¥‡∏ï ‡∏´‡∏•‡∏±‡∏á‡∏â‡∏µ‡∏î‡∏ß‡∏±‡∏Ñ‡∏ã‡∏µ‡∏ô‡∏õ‡πâ‡∏≠‡∏á‡∏Å‡∏±‡∏ô‡πÇ‡∏Ñ‡∏ß‡∏¥‡∏î-19  https://t.co/S6vd5gsdBX #ThaiPBSnews
1402414131982987268 2021-06-09 06:55:59 +0700 <AchiiJ17> BrightWin MadeMyDay   ‡πÄ‡∏≠‡πä‡∏∞ ?? ‡πÅ‡∏ï‡πà‡∏ó‡∏≥‡πÑ‡∏°‡πÅ‡∏ó‡πá‡∏Å‡∏ô‡πâ‡∏≠‡∏á‡∏ó‡∏µ‡πà‡πÅ‡∏Å‡πâ‡∏° ‡∏ó‡∏µ‡πà‡∏õ‡∏≤‡∏Å ‡πÅ‡∏•‡∏∞‡∏ó‡∏µ‡πà‡∏´‡∏±‡∏ß‡πÉ‡∏à‡∏ô‡πä‡∏≤‡∏≤‡∏≤ ‡∏Ñ‡∏•‡∏±‡πà‡∏á‡∏£‡∏±‡∏Å‡∏≠‡∏µ‡∏Å‡πÅ‡∏•‡πâ‡∏ß‡∏ô‡∏∞‡∏û‡πà‡∏≠ You Have ‡∏û‡∏¥‡∏£‡∏∏‡∏ò EveryDay #‡πÑ‡∏ö‡∏£‡πå‡∏ó‡∏ß‡∏¥‡∏ô isawitbefore ‡πÄ‡∏´‡πá‡∏ô‡∏ô‡πâ‡∏≠‡∏á‡∏ß‡∏¥‡∏ô‡∏Å‡πà‡∏≠‡∏ô‡∏î‡πâ‡∏ß‡∏¢‡∏Ñ‡∏ß‡∏≤‡∏°‡πÄ‡∏≠‡πá‡∏ô‡∏î‡∏π‡πÅ‡∏ö‡∏ö‡∏ô‡∏µ‡πâ‡∏°‡∏±‡πâ‡∏¢‡∏Ñ‡∏∞ ‡πÄ‡∏à‡πâ‡∏≤‡πÑ‡∏ö‡∏£‡πå‡∏ó ‡πÅ‡∏ß‡πä‡∏Å‡∏Å #‡∏≠‡∏¢‡∏π‡πà‡∏î‡πâ‡∏ß‡∏¢‡∏Å‡∏±‡∏ô‡∏ï‡∏•‡∏≠‡∏î‡πÄ‡∏õ‡πá‡∏ô‡∏õ‡∏Å‡∏ï‡∏¥  https://t.co/Ooh5dijoIB
1402414124772913154 2021-06-09 06:55:57 +0700 <Sitiwat10> @ODoors1234 ‡∏û‡∏£‡πâ‡∏≠‡∏°‡πÜ‡∏ä‡πà‡∏ß‡∏¢‡∏Ñ‡∏∏‡πà‡∏û‡∏µ‡πà‡∏Ñ‡∏±‡∏ö
1402414123812474885 2021-06-09 06:55:57 +0700 <nkurtttt> ‡∏ï‡∏±‡∏î‡∏ï‡πà‡∏≠‡∏Å‡∏±‡∏ô‡∏à‡∏ô‡πÑ‡∏°‡πà‡∏£‡∏π‡πâ‡∏ß‡πà‡∏≤‡∏≠‡∏±‡∏ô‡πÑ‡∏´‡∏ô‡∏Ç‡∏≠‡∏á‡∏à‡∏£‡∏¥‡∏áüòÇ #‡πÑ‡∏ö‡∏£‡πå‡∏ó‡∏°‡∏¥‡∏ß‡∏ã‡πå
1402414120364826628 2021-06-09 06:55:56 +0700 <bokunotebook> 2020Âπ¥10ÊúàÂ∫¶„ÅÆÂú®„Çø„Ç§Êó•Êú¨‰∫∫Êï∞Áô∫Ë°®„ÄÅ„Ç≥„É≠„Éä„ÅÆÂΩ±Èüø„ÇÇÂ¢óÂä†„ÄÇ  #Êµ∑Â§ñÂú®ÁïôÊó•Êú¨‰∫∫„ÄÄ#„Çø„Ç§Âú®‰ΩèÊó•Êú¨‰∫∫Êï∞  https://t.co/V516SlNSkm
1402414106812960771 2021-06-09 06:55:53 +0700 <pacarsiwi_> @stay_hin too!!
1402414105256882180 2021-06-09 06:55:52 +0700 <DANDELION_IN17> @Jackjac74734752 @yugyeom @GOT7Official ‡∏ä‡πà‡∏≤‡∏¢‡∏Ñ‡πà‡∏≤‡∏≤‡∏≤‡∏≤üòä‡∏≠‡∏¥‡∏≠‡∏¥  https://t.co/mYuG5z4zBr
1402414104396984322 2021-06-09 06:55:52 +0700 <TiCalmaCalma> @FR_Sixers Of courseee
1402414100823482369 2021-06-09 06:55:51 +0700 <AThawatchaiTop> @AS12604 ‡∏á‡πà‡∏ß‡∏á‡∏≠‡πà‡∏≤‡∏≤‡∏≤‡∏≤‡∏≤‡∏≤‡∏≤‡∏≤
1402414096876814343 2021-06-09 06:55:50 +0700 <doc_julien> @C_S_Skeptic @max_hodak I remember a documentary how Cruise ships dumped illegally trash and septic tanks into natural lagoons. Now multiply this by radioactivity lol. I'm pro nuclear to replace fossil fuels but damn...
1402414087837872132 2021-06-09 06:55:48 +0700 <SIRA543> ‡∏°‡∏µ‡πÉ‡∏Ñ‡∏£‡πÉ‡∏à‡∏î‡∏µ‡πÇ‡∏≠‡∏ô‡πÉ‡∏´‡πâ‡∏ú‡∏°‡∏ö‡πâ‡∏≤‡∏á‡∏ô‡∏∞üò•üò•  https://t.co/GiKVDb4qh3
1402414082263699458 2021-06-09 06:55:47 +0700 <khemcang> ‡πÄ‡∏®‡∏£‡πâ‡∏≤‡∏≠‡∏µ‡∏Å‡∏•‡∏∞
1402414080128806915 2021-06-09 06:55:46 +0700 <Matta68346341> @Sun_Sunflower19 @phaengnet ‡πÑ‡∏õ‡∏ï‡πà‡∏≠‡∏Ñ‡πà‡∏∞
1402414079352836103 2021-06-09 06:55:46 +0700 <pinoynamalaya> Kay Mang Kanor at sa lahi niya joke na ang totoo at promise na ang panloloko.
1402414049724223488 2021-06-09 06:55:39 +0700 <sweetzhan9197> ‡∏ß‡∏±‡∏ô‡∏ô‡∏µ‡πâ‡∏à‡∏∞‡∏î‡∏π‡∏£‡∏µ‡πÅ‡∏≠‡∏Ñ ‡∏≠‡∏ô‡∏¥‡πÄ‡∏°‡∏∞‡∏ï‡πà‡∏≠‡πÅ‡∏¢‡πâ‡∏ß!
1402414045546700801 2021-06-09 06:55:38 +0700 <eddyluiss> ‡∏Å‡πá‡∏ï‡πâ‡∏≠‡∏á‡πÄ‡∏•‡∏∑‡∏≠‡∏Å‡∏õ‡πà‡∏∞ ‡∏°‡∏±‡∏ô‡πÑ‡∏°‡πà‡πÉ‡∏ä‡πà‡πÉ‡∏Ñ‡∏£‡∏Å‡πá‡πÑ‡∏î‡πâ
1402414044498186243 2021-06-09 06:55:38 +0700 <Nantiya_16> @cscit783 ‡∏ô‡∏¥‡πà‡∏á ‡∏à‡πâ‡∏≤ ‚òï‚òïüò™üò™
1402414043588030466 2021-06-09 06:55:38 +0700 <ThisismeChat> ‡∏≠‡∏µ‡∏™‡∏±‡∏™‡∏û‡∏π‡∏î‡∏°‡∏≤‡πÑ‡∏î‡πâ‡πÑ‡∏á‡∏ß‡πà‡∏≤‚Äã Moderna 3000-5000 ‡πÑ‡∏°‡πà‡πÅ‡∏û‡∏á?  ‡∏°‡∏∂‡∏á‡∏•‡∏≠‡∏á‡πÄ‡∏õ‡πá‡∏ô‡∏Ñ‡∏ô‡∏à‡∏ô‡πÉ‡∏ô‡∏õ‡∏£‡∏∞‡πÄ‡∏ó‡∏®‡πÄ‡∏´‡∏µ‡πâ‡∏¢‡∏ô‡∏µ‡πâ‡∏ó‡∏µ‡πà‡πÑ‡∏î‡πâ‡πÄ‡∏á‡∏¥‡∏ô‡πÄ‡∏î‡∏∑‡∏≠‡∏ô‡∏Ç‡∏±‡πâ‡∏ô‡∏ï‡πà‡∏≥‡∏î‡∏π‡∏ã‡∏¥‚Äã ‡πÑ‡∏°‡πà‡∏ï‡πâ‡∏≠‡∏á‡πÅ‡∏î‡∏Å‡∏≠‡∏∞‡πÑ‡∏£‡πÅ‡∏•‡πâ‡∏ß‡∏°‡∏±‡πâ‡∏¢‚Äã‡∏≠‡∏µ‡∏Ñ‡∏ß‡∏≤‡∏¢‡∏¢‡∏¢‡∏¢
1402414039334981633 2021-06-09 06:55:37 +0700 <natly_iii> 30 ‡∏•‡πâ‡∏≤‡∏ô‡∏ß‡∏¥‡∏ß‡πÅ‡∏ô‡πâ‡∏ß‡∏ß ‡∏ß‡∏µ‡∏Ñ‡∏´‡∏ô‡πâ‡∏≤‡∏ä‡∏±‡πâ‡∏ô WFH ‡∏ô‡πà‡∏≤‡∏à‡∏∞‡∏õ‡∏±‡πà‡∏ô‡∏ß‡∏¥‡∏ß‡πÑ‡∏î‡πâ‡∏°‡∏≤‡∏Å‡∏Å‡∏ß‡πà‡∏≤‡∏ß‡∏µ‡∏Ñ‡∏ô‡∏µ‡πâ ‡∏Æ‡∏∑‡πà‡∏≠‡∏≠
1402414027007959041 2021-06-09 06:55:34 +0700 <PROMOTE_SAINT> ‡πÇ‡∏´‡∏ß‡∏ï‡∏Å‡∏±‡∏ô‡∏Ñ‡πà‡∏∞ #‡∏≠‡∏£‡∏∏‡∏ì‡∏™‡∏ß‡∏±‡∏™‡∏î‡∏¥‡πå‡πÄ‡∏ã‡πâ‡∏ô‡∏ï‡πå‡∏ã‡∏∏‡∏õ   ‚û°Ô∏è https://t.co/bMNfEo4m5C  #‡∏ú‡∏¥‡∏î‡πÑ‡∏´‡∏°‡∏ó‡∏µ‡πà‡∏â‡∏±‡∏ô‡πÑ‡∏°‡πà‡∏Å‡∏•‡∏±‡∏ö‡πÑ‡∏õ‡∏£‡∏±‡∏Å‡πÄ‡∏ò‡∏≠_‡πÄ‡∏ã‡πâ‡∏ô‡∏ï‡πå #Saint_sup #MingEr  https://t.co/Kmx1ojWZyz
1402414000755732484 2021-06-09 06:55:28 +0700 <AuntmanL> @QljJRe4wqrC07RT ‡∏Ñ‡∏•‡∏≤‡∏¢‡πÄ‡∏´‡∏á‡∏≤‡∏Å‡∏≤‡∏ô
1402413990118969345 2021-06-09 06:55:25 +0700 <NBangpi> @csAgrSC4EjQWRZ5 HBD.‡∏Ñ‡∏±‡∏ö‡∏ú‡∏°‡∏°‡∏µ‡∏Ñ‡∏ß‡∏≤‡∏°‡∏™‡∏∏‡∏Ç‡∏°‡∏≤‡∏Å‡πÜ‡∏Ñ‡∏±‡∏ö
1402413987120271369 2021-06-09 06:55:24 +0700 <Narumon_1411> @gulfkanawut ‡∏à‡∏∞‡∏≠‡∏¢‡∏π‡πà‡∏£‡∏±‡∏Å‡πÑ‡∏õ‡∏ô‡∏≤‡∏ô‡πÜ‡∏ô‡∏∞‡∏Ñ‡∏∞ ‡∏≠‡∏¢‡∏π‡πà‡∏î‡πâ‡∏ß‡∏¢‡∏Å‡∏±‡∏ô‡πÅ‡∏ö‡∏ö‡∏ô‡∏µ‡πâ‡πÑ‡∏õ‡∏ô‡∏≤‡∏ô‡πÜ‡∏°‡∏µ‡∏Å‡∏±‡∏ô‡πÅ‡∏•‡∏∞‡∏Å‡∏±‡∏ô‡∏ï‡∏•‡∏≠‡∏î‡πÑ‡∏õ‡∏ô‡∏∞‡∏Ñ‡∏∞ ‡∏£‡∏±‡∏Å‡∏ô‡∏∞‡∏Ñ‡∏£‡∏±‡∏ö‚ù§Ô∏è #865‡∏ß‡∏±‡∏ô‡∏°‡∏¥‡∏ß‡∏Å‡∏•‡∏±‡∏ü‡∏°‡∏µ‡∏Å‡∏±‡∏ô‡πÅ‡∏•‡∏∞‡∏Å‡∏±‡∏ô @MSuppasit  @gulfkanawut
1402413983978573829 2021-06-09 06:55:24 +0700 <Babeppatt> 3. beauty water  ‡∏ú‡∏¥‡∏ß‡∏´‡∏ô‡πâ‡∏≤‡πÅ‡∏´‡πâ‡∏á‡πÑ‡∏°‡πà‡∏ä‡∏∏‡πà‡∏°‡∏ä‡∏∑‡πâ‡∏ô ‡∏™‡∏¥‡∏ß‡∏ú‡∏î ‡∏ú‡∏¥‡∏ß‡πÑ‡∏°‡πà‡πÄ‡∏£‡∏µ‡∏¢‡∏ö‡πÄ‡∏ô‡∏µ‡∏¢‡∏ô ‡∏•‡∏≠‡∏á‡∏Ç‡∏ß‡∏î‡∏ô‡∏µ‡πâ‡πÄ‡∏•‡∏¢ ‡∏Ñ‡∏•‡∏µ‡∏ô‡πÄ‡∏°‡∏Ñ‡∏≠‡∏±‡∏û‡πÑ‡∏î‡πâ ‡∏ú‡∏¥‡∏ß‡∏´‡∏ô‡πâ‡∏≤‡πÑ‡∏°‡πà‡πÅ‡∏´‡πâ‡∏á‡∏ï‡∏∂‡∏á‡∏î‡πâ‡∏ß‡∏¢ ‡πÄ‡∏õ‡πá‡∏ô toner ‡πÄ‡∏õ‡πá‡∏ô‡∏ô‡πâ‡∏≥‡∏ï‡∏ö ‡πÉ‡∏ä‡πâ‡πÅ‡∏•‡πâ‡∏ß‡∏ú‡∏¥‡∏ß‡∏ô‡∏∏‡πà‡∏° ‡∏ä‡∏≠‡∏ö‡∏°‡∏≤‡∏Å‡πÜ ‡πÄ‡∏ó‡πÉ‡∏™‡πà‡∏™‡∏≥‡∏•‡∏µ‡∏°‡∏≤‡∏™‡∏Å‡πå‡∏´‡∏ô‡πâ‡∏≤‡∏Å‡πá‡πÑ‡∏î‡πâ ‡∏™‡∏¥‡∏ß‡∏ú‡∏î‡∏´‡∏≤‡∏¢ ‡∏£‡∏≠‡∏¢‡πÅ‡∏î‡∏á‡∏™‡∏¥‡∏ß‡∏à‡∏≤‡∏á‡∏•‡∏á ‡∏ú‡∏¥‡∏ß‡∏î‡∏µ‡∏Ç‡∏∂‡πâ‡∏ô‡∏ô‡∏∞ ‡∏ä‡∏∏‡πà‡∏°‡∏ä‡∏∑‡πâ‡∏ô ‡∏£‡∏π‡∏Ç‡∏∏‡∏°‡∏Ç‡∏ô‡∏Å‡∏£‡∏∞‡∏ä‡∏±‡∏ö ‡∏õ‡∏£‡∏∞‡∏ó‡∏±‡∏ö‡πÉ‡∏à‡∏°‡∏≤‡∏Å‡πÜ ‡∏™‡∏≤‡∏£‡∏û‡∏±‡∏î‡∏õ‡∏£‡∏∞‡πÇ‡∏¢‡∏ä‡∏ô‡πå‡∏ó‡∏µ‡πà‡πÅ‡∏ó‡πâ‡∏ó‡∏£‡∏π  https://t.co/Yg9wyzTC6F
1402413977385148417 2021-06-09 06:55:22 +0700 <Flamio1> @kinugyokut „Åä„ÅØ„Çà„ÅÜ„Åî„Åñ„ÅÑ„Åæ„Åô!
1402413964970004481 2021-06-09 06:55:19 +0700 <28935Nlym> Doom at your service  ‡∏ô‡πâ‡∏≥‡∏ï‡∏≤‡πÑ‡∏´‡∏•‡πÅ‡∏ö‡∏ö‡∏û‡∏£‡∏≤‡∏Å‡πÜ ‡∏£‡∏π‡πâ‡∏à‡∏∏‡∏î‡∏à‡∏ö‡πÄ‡∏•‡∏¢‡∏ï‡∏±‡πâ‡∏á‡πÅ‡∏ï‡πà‡πÅ‡∏£‡∏Å‡πÄ‡∏•‡∏¢ ‡∏°‡∏µ‡∏ô‡∏¥‡∏¢‡∏≤‡∏¢‡πÅ‡∏õ‡∏•‡∏°‡∏±‡πâ‡∏¢ ‡∏≠‡∏¢‡∏≤‡∏Å‡∏ã‡∏∑‡πâ‡∏≠‡πÄ‡∏Å‡πá‡∏ö‡∏à‡∏£‡∏¥‡∏á
1402413955117568008 2021-06-09 06:55:17 +0700 <sesaming> „Éì„ÉÉ„Éà„Ç≥„Ç§„É≥„Ç∏„Çß„ÉÉ„Éà„Ç≥„Éº„Çπ„Çø„ÉºÔºÅÔΩ∂ÔæûÔΩ∏ÔæåÔæûÔæô
1402413940949147651 2021-06-09 06:55:13 +0700 <CharminStar> @Puii_KM ‡πÑ‡∏°‡πà‡∏ô‡πà‡∏≤‡∏à‡∏∞‡πÄ‡∏≠‡∏≤‡∏™‡∏°‡∏≠‡∏á‡∏Ñ‡∏¥‡∏î‡∏≠‡πà‡∏∞
1402413937467879428 2021-06-09 06:55:12 +0700 <mfck_kie> ‡∏´‡∏¢‡∏∏‡∏î‡∏Ñ‡∏¥‡∏î‡∏ñ‡∏∂‡∏á‡πÑ‡∏°‡πà‡πÑ‡∏î‡πâ‡πÄ‡∏•‡∏¢:(
1402413936058671104 2021-06-09 06:55:12 +0700 <Iyoohht> Fiesta na pala hahaha
1402413932145307648 2021-06-09 06:55:11 +0700 <Matta68346341> @JANG2117MGmss ‡∏ß‡∏±‡∏î‡∏î‡∏µ‡∏Ñ‡πà‡∏∞
1402413916538359812 2021-06-09 06:55:07 +0700 <AJHotspur> @SkySportsNews And there you go a voice of reason instead of these chip on the shoulder knee jerk reactions. This how you deal with racism not digging up tweets and cancelling everybody‚Äôs past. Let someone like him school the racists.
1402413912398524417 2021-06-09 06:55:06 +0700 <pok214sx09> ‡πÄ‡∏ö‡∏∑‡πà‡∏≠‡∏à‡∏£‡∏¥‡∏á‡πÜ ‡∏û‡∏ß‡∏Å‡πÅ‡∏ñ‡πÄ‡∏Å‡πà‡∏á !!!  https://t.co/uKEeCqHNOK
1402413912323018755 2021-06-09 06:55:06 +0700 <Blueberry14Nun> Good MEWning ‡πÄ‡∏à‡πâ‡∏≤‡∏ï‡πâ‡∏≤‡∏ß @MSuppasit  ‡∏ù‡∏ô‡∏ï‡∏Å‡∏ô‡∏∞‡∏ä‡πà‡∏ß‡∏á‡∏ô‡∏µ‡πâ ‡∏≠‡∏¢‡πà‡∏≤‡∏•‡∏∑‡∏°‡∏î‡∏π‡πÅ‡∏•‡∏™‡∏∏‡∏Ç‡∏†‡∏≤‡∏û‡∏î‡πâ‡∏ß‡∏¢‚úåüèº #MewSuppasit  #‡∏°‡∏¥‡∏ß‡∏®‡∏∏‡∏†‡∏®‡∏¥‡∏©‡∏è‡πå  #mewlions  #WednesdaySayLoveMew  https://t.co/wlkoyG9Fr4
1402413901845835777 2021-06-09 06:55:04 +0700 <YingOil> I'm at Phramongkutklao Hospital in Ratchathewi, Bangkok  https://t.co/usQKz6Wywa
1402413859776860161 2021-06-09 06:54:54 +0700 <nuna_vmin> @papraepear ‡∏Ç‡∏≠‡∏ö‡∏Ñ‡∏∏‡∏ì‡∏ô‡πä‡∏≤‡∏≤‡∏≤ ‡∏Ñ‡∏ô‡∏™‡∏≤‡∏ß‡∏≠‡∏¢‡πà‡∏≤‡∏á‡∏û‡∏µ‡πà‡∏≠‡∏≤‡∏Å‡∏≤‡∏£‡πÄ‡∏£‡∏¥‡πà‡∏°‡∏≠‡∏≠‡∏Å‡∏•‡∏∞ üòÇüòÇüòÇüòÇ
1402413854575849475 2021-06-09 06:54:53 +0700 <ThitipornKidka> @piyangkull ‡∏ô‡πà‡∏≤‡∏£‡∏±‡∏Å‡∏Å‡∏Å‡∏Å‡∏Å‡∏Å‡∏Å
1402413832501284864 2021-06-09 06:54:47 +0700 <icecreamtip> @Poongpoong_JB @JAYBDEF___ @GOT7Official ü•∞üíöüå¥ #Ï†úÏù¥ÎπÑ #ÏûÑÏû¨Î≤î #JayB #Jaebeom #Def @JAYBDEF___  #GOT7 #Í∞ìÏÑ∏Î∏ê   @GOT7Official
1402413817787609090 2021-06-09 06:54:44 +0700 <Kai19641359> @loren_shine That's a beautiful ass.
1402413816533581825 2021-06-09 06:54:44 +0700 <AunpunJinnawatr> @Kingman6699 ‡πÄ‡∏≠‡∏≤‡∏¢‡∏±‡∏á‡πÑ‡∏á‡∏≠‡πà‡∏≤
1402413814394462208 2021-06-09 06:54:43 +0700 <Matta68346341> @Chanida03890399 ‡∏ß‡∏±‡∏î‡∏î‡∏µ‡∏à‡πâ‡∏∞
1402413812972605441 2021-06-09 06:54:43 +0700 <jubko10> @Vintage1881 ‡∏ô‡∏±‡∏Å‡πÄ‡∏•‡∏á‡∏≠‡∏∞‡πÄ‡∏£‡∏≤
1402413804411973637 2021-06-09 06:54:41 +0700 <pacarsiwi_> @stay_hin jangan lupa sarapan yaaa
1402413782710640642 2021-06-09 06:54:36 +0700 <Narin87779086> üî•üî•üî•üî•üî•üî•üî•üî•üî• https://t.co/Dw9U4uCIxg?üî•üî•üî•üî•üî•üî•üî•üî•üî•  https://t.co/iGeFyrxbjE
1402413781485903873 2021-06-09 06:54:35 +0700 <jetleejun> „Ç∑„É£„Ç¢„Ç∂„ÇØ„ÅÆÈõªË©±„ÅÆ‰ªïËçâ„Åå„Åã„Çè„ÅÑ„ÅÑüíû
1402413780110172166 2021-06-09 06:54:35 +0700 <Tsukishiroaika> ‡∏ù‡∏±‡∏ô‡∏õ‡∏£‡∏∞‡∏´‡∏•‡∏≤‡∏î‡πÑ‡∏õ‡πÄ‡∏£‡∏∑‡πà‡∏≠‡∏¢
1402413779657236486 2021-06-09 06:54:35 +0700 <PJack88338741> @simpss9 @metunnarak @0614Jell ‡∏£‡∏∞‡∏ö‡∏ö ‡∏Ñ‡∏ô‡∏ö‡∏≤‡∏á‡∏Ñ‡∏ô‡∏¢‡∏¥‡πà‡∏á‡∏Å‡∏ß‡πà‡∏≤‡πÄ‡∏´‡∏µ‡πâ‡∏¢‡πÄ‡∏ô‡πâ‡∏≠ ‡∏™‡∏ñ‡∏≤‡∏ö‡∏±‡∏ô‡∏Å‡∏≤‡∏£‡∏®‡∏∂‡∏Å‡∏©‡∏≤‡∏ã‡∏∞‡πÄ‡∏õ‡∏•‡πà‡∏≤ ‡∏ñ‡πà‡∏≠‡∏¢‡∏Ç‡∏ô‡∏≤‡∏î‡∏ô‡∏µ‡πâ‡∏õ‡∏¥‡∏î‡πÜ‡πÑ‡∏õ‡πÄ‡∏´‡∏≠‡∏∞
1402413769314029568 2021-06-09 06:54:32 +0700 <pacarsiwi_> @tayythitipoom jgn lupa sarapan ya met
1402413763882471425 2021-06-09 06:54:31 +0700 <icecreamtip> @Poongpoong_JB ‡πÄ‡∏ô‡∏≠‡∏∞‡πÜ‡πÜ ‡∏ï‡∏∑‡πà‡∏ô‡πÄ‡∏ï‡πâ‡∏ô‡πÜ ‡∏î‡∏µ‡πÉ‡∏à‡∏°‡∏≤‡∏Å ‚ò∫‚ò∫
1402413742940299267 2021-06-09 06:54:26 +0700 <AuntmanL> @missPM92 ‡∏™‡∏ß‡∏¢
1402413742101467136 2021-06-09 06:54:26 +0700 <middayxup> @uptothenine ‡∏£‡∏π‡∏õ‡∏ô‡∏µ‡πâ‡∏Ñ‡∏∑‡∏≠‡∏î‡∏µ‡∏à‡∏£‡∏¥‡∏á‡∏Ñ‡πà‡∏∞ ‡∏≠‡∏±‡∏û‡∏Å‡∏±‡∏ö‡πÇ‡∏ä‡πâ‡∏Å‡πÄ‡∏Å‡∏≠‡∏£‡πå‡∏Ñ‡∏∑‡∏≠‡∏ó‡∏µ‡πà‡∏™‡∏∏‡∏î‡∏î‡∏î
1402413741652598786 2021-06-09 06:54:26 +0700 <InfoQuestNews> ‡∏ô‡πâ‡∏≥‡∏°‡∏±‡∏ô #WTI  ‡∏õ‡∏¥‡∏î‡∏ö‡∏ß‡∏Å 82 ‡πÄ‡∏ã‡∏ô‡∏ï‡πå ‡∏£‡∏±‡∏ö‡∏Ñ‡∏ß‡∏≤‡∏°‡∏´‡∏ß‡∏±‡∏á‡∏®‡∏Å.‡πÇ‡∏•‡∏Å‡∏ü‡∏∑‡πâ‡∏ô‡∏´‡∏ô‡∏∏‡∏ô‡∏î‡∏µ‡∏°‡∏≤‡∏ô‡∏î‡πå‡∏ô‡πâ‡∏≥‡∏°‡∏±‡∏ô   https://t.co/HI8sbikg1o   #‡∏£‡∏≤‡∏Ñ‡∏≤‡∏ô‡πâ‡∏≥‡∏°‡∏±‡∏ô #‡∏ô‡πâ‡∏≥‡∏°‡∏±‡∏ôWTI #‡∏≠‡∏¥‡∏ô‡πÇ‡∏ü‡πÄ‡∏Ñ‡∏ß‡∏™‡∏ó‡πå
1402413738746019854 2021-06-09 06:54:25 +0700 <pacarsiwi_> @jerapahnyagun h a n d jmet
1402413737420550149 2021-06-09 06:54:25 +0700 <UppoompatTh> @tarnja_up üôèüòäüòÑ
1402413728352456704 2021-06-09 06:54:23 +0700 <orange_up9> @WutMovie ‡∏Ç‡∏≠‡πÉ‡∏´‡πâ‡∏ú‡πà‡∏≤‡∏ô‡πÑ‡∏õ‡∏î‡πâ‡∏ß‡∏¢‡∏î‡∏µ‡∏ô‡∏∞‡∏Ñ‡∏∞ ‡∏ù‡∏ô‡∏à‡∏á‡∏≠‡∏¢‡πà‡∏≤‡∏ï‡∏Å‚úåÔ∏è‚úåÔ∏è‚úåÔ∏è
1402413727140388866 2021-06-09 06:54:22 +0700 <Aomamm_eiei> ‡∏•‡∏∞‡∏á‡∏á‡∏°‡∏≤‡∏Å ‡πÄ‡∏£‡∏¥‡πà‡∏°‡∏ï‡πâ‡∏ô‡∏ß‡∏µ‡∏Ñ‡∏î‡πâ‡∏ß‡∏¢‡∏ß‡∏±‡∏ô‡∏û‡∏∏‡∏ò ‡∏á‡∏á 555555
1402413722400743429 2021-06-09 06:54:21 +0700 <S0MxaneBcij4FnC> @ssarawatlismm @Tine__chicchic ‡πÄ‡∏õ‡πá‡∏ô‡πÅ‡∏ü‡∏ô‡∏Å‡∏±‡∏ô‡πÅ‡∏•‡πâ‡∏ß‡πÇ‡∏õ‡∏£‡πÑ‡∏ü‡∏•‡πå‡∏£‡∏π‡∏õ‡∏Ñ‡∏π‡πà‡∏Å‡πá‡πÉ‡∏™‡πà‡πÑ‡∏î‡πâ‡∏ô‡∏∞üòÅ
1402413721981362178 2021-06-09 06:54:21 +0700 <strongzero_kun> 3Âπ¥Ââç üáπüá≠ #RHYMEBERRY  https://t.co/ETrEDjNjpi
1402413720043618304 2021-06-09 06:54:21 +0700 <nuna_vmin> @MHPPMH ‡∏ó‡∏≥‡∏≠‡∏¢‡∏π‡πà‡∏Ñ‡πà‡∏∞ ‡πÄ‡∏•‡∏¥‡∏Å 8 ‡πÇ‡∏°‡∏á ‡∏ô‡∏µ‡πà‡πÄ‡∏î‡∏¥‡∏ô‡∏ß‡∏ô‡∏•‡∏∞ ‡∏õ‡∏ß‡∏î‡∏ï‡∏±‡∏ß ‡∏ô‡∏±‡πà‡∏á‡πÄ‡∏â‡∏¢‡πÜ‡πÑ‡∏°‡πà‡πÑ‡∏î‡πâ‡πÄ‡∏•‡∏¢
1402413720022577158 2021-06-09 06:54:21 +0700 <fhttppsk> Morning WG‚òÄÔ∏èüíó #‡∏ß‡∏µ‡∏à‡∏µ‡πâ
1402413699898363905 2021-06-09 06:54:16 +0700 <OR_YEOL> 30‡∏•‡πâ‡∏≤‡∏ô‡πÄ‡πÄ‡∏•‡πâ‡∏ß‡∏ß‡∏ß‡∏ß‡∏ß  https://t.co/bXohHLY5Sh
1402413682496135174 2021-06-09 06:54:12 +0700 <nontawornn> ‡πÅ‡∏°‡πà‡∏Å‡∏π‡∏ö‡∏≠‡∏Å‡∏ß‡πà‡∏≤‡πÄ‡∏ß‡πà‡∏≠ ‡∏Ñ‡∏¥‡∏î‡πÑ‡∏õ‡πÄ‡∏≠‡∏á ‡πÇ‡∏≠‡πÄ‡∏Ñ ‡πÅ‡∏°‡πà‡πÄ‡∏Å‡πà‡∏á‡∏Å‡∏ß‡πà‡∏≤‡∏ß‡∏±‡∏Ñ‡∏ã‡∏µ‡∏ô‡∏™‡∏∏‡∏î‡πÜ
1402413680441004032 2021-06-09 06:54:11 +0700 <Kai19641359> @loren_shine Very beautiful.
1402413679786676225 2021-06-09 06:54:11 +0700 <Palit_Mydestiny> ‡πÄ‡∏Æ‡∏µ‡∏¢ ‡∏ñ‡πâ‡∏≤ TTK ‡πÄ‡∏Ñ‡πâ‡∏≤‡∏à‡∏∞‡πÉ‡∏´‡πâ‡∏Ç‡∏≤‡∏¢‡πÅ‡∏Ñ‡πà9‡∏°‡∏¥‡∏¢. ‡πÄ‡∏Æ‡∏µ‡∏¢‡πÄ‡∏≠‡∏≤‡∏≠‡∏≠‡∏Å‡∏°‡∏≤‡∏Ç‡∏≤‡∏¢‡∏ï‡πà‡∏≠‡πÉ‡∏ô shopee ‡πÑ‡∏î‡πâ‡∏°‡∏±‡πâ‡∏¢‡∏≠‡πà‡∏∞  ‡∏Ç‡∏≠‡πÄ‡∏ß‡∏•‡∏≤‡∏ô‡∏∏‡∏ä‡∏≠‡∏µ‡∏Å‡∏ô‡∏¥‡∏î‡∏ô‡∏∏‡∏á‡∏ô‡∏∞ #‡πÄ‡∏õ‡πä‡∏Å‡∏ú‡∏•‡∏¥‡∏ï‡πÇ‡∏ä‡∏Ñ #PeckPaLitChoke @peckpalit
